source_acct,tweet_date,tweet_text,vader_compound,vader_negative,vader_neutral,vader_positive
BBC,2018-07-23 13:02:00+00:00,"If you're blind or partially sighted, this might help.
 
At the BBC, we offer audio description to describe our shoâ€¦ https://t.co/jDXcSK72uQ",0.0,0.111,0.779,0.111
BBC,2018-07-23 12:02:03+00:00,"Y'alright love? ğŸ¦ 

Meet Mourdour, the raven with a Yorkshire accent.... 

https://t.co/6K9eMeDh0k",0.6369,0.0,0.704,0.296
BBC,2018-07-23 11:37:06+00:00,RT @bbccomedy: The wonderful Victoria Wood talking sex. â¤ï¸ https://t.co/uKdwA5f3T0,0.5719,0.0,0.73,0.27
BBC,2018-07-23 11:36:58+00:00,RT @bbccomedy: When it's not just work you're frustrated with... https://t.co/Qlv5gMgkGD,-0.5267,0.254,0.746,0.0
BBC,2018-07-23 11:03:09+00:00,When is a film so bad it's actually good? ğŸ¿ğŸ¤¦â€â™€ï¸ https://t.co/zNWeEnZVQd https://t.co/F3rLExxpyR,-0.38,0.274,0.549,0.177
BBC,2018-07-23 08:12:20+00:00,"RT @bbcgetinspired: He came within minutes of losing his life in a horrific accident - but eight years on, he is about to represent Northerâ€¦",-0.6757,0.247,0.753,0.0
BBC,2018-07-23 08:03:02+00:00,"Ntando Mahlangu walked for the first time at the age of ten. 

By the time he was 14, he had a silver medal from Riâ€¦ https://t.co/JodVvKpqUw",0.4767,0.0,0.886,0.114
BBC,2018-07-23 07:32:03+00:00,"The UK government says air pollution is the fourth biggest threat to public health. ğŸ¤§ğŸ’¨

Here's what you can do to iâ€¦ https://t.co/SVbU4D7961",-0.5267,0.134,0.866,0.0
BBC,2018-07-23 07:03:07+00:00,"âœˆï¸ğŸ’ This is what happens to your suitcase after you've checked-in at an airport... 

https://t.co/SZZKKm6ONf",0.0,0.0,1.0,0.0
BBC,2018-07-22 19:02:05+00:00,â¤ï¸ The catwalk show with a mission to prove everyone is beautiful. https://t.co/sGAR4YzNZT,0.5994,0.0,0.755,0.245
BBC,2018-07-22 18:05:05+00:00,"See some art
Dwell on your wrongs
Talk to strangers

Tackle the week ahead with a spot of elastic thinking. https://t.co/W3gtqBFnss",0.128,0.0,0.927,0.073
BBC,2018-07-22 18:02:04+00:00,"RT @bbcmusic: Happy Birthday @SelenaGomez! ğŸ‚ğŸ‰

Which is your favourite SG single? (We are going old school Selena and vote 'Naturally' ğŸ’«) hâ€¦",0.6114,0.0,0.846,0.154
BBC,2018-07-22 17:06:28+00:00,RT @BBCCountryfile: What's your top tip for enjoying our countryside? Here's @EllieHarrison_ @AdamHenson @tomheapmedia and @SteveBrownGBWRâ€¦,0.6369,0.0,0.729,0.271
BBC,2018-07-22 16:45:18+00:00,RT @BBCNews: London Anniversary Games: Kare Adenegan &amp; Sophie Hahn set world records https://t.co/DW7CyMwS7r,0.0,0.0,1.0,0.0
BBC,2018-07-22 16:04:04+00:00,"â¤ï¸ The mother of a five-year-old boy who helped write his own obituary before he died of cancer says she is ""humbleâ€¦ https://t.co/k1R3Tq8KX5",-0.8402,0.276,0.724,0.0
BBC,2018-07-22 15:04:05+00:00,"Keeping it low key ğŸ˜‰

This man asked his partner to marry him with a GIANT beach mural. ğŸ– 
https://t.co/FrqoNA4HhG",-0.2732,0.091,0.909,0.0
BBC,2018-07-22 14:08:06+00:00,"ğŸ˜²ğŸ¨ Some of the most stunning photos from the 21st World Bodypainting Festival in Austria.
ğŸ‘‰ https://t.co/2Z8On4ZuS3 https://t.co/YoAPvfk5cE",0.7264,0.0,0.757,0.243
BBC,2018-07-22 13:06:02+00:00,ğŸœğŸ Would you eat bread baked with insects instead of flour? https://t.co/zXYGP4MZjk,0.0,0.0,1.0,0.0
BBC,2018-07-22 12:09:04+00:00,"Positive reinforcement and indirect suggestions are a powerful way to influence our decision-making.

Here are eighâ€¦ https://t.co/CyoIKBRDfs",0.7506,0.0,0.686,0.314
BBC,2018-07-22 11:02:05+00:00,"The teenage activist helping families find low-cost healthy food. 
(via@BBCThree) https://t.co/aM3Esv544f",0.5994,0.0,0.647,0.353
BBC,2018-07-22 10:04:05+00:00,ğŸ’•âœï¸ A story penned by a 10-year-old girl with autism has attracted praise from academics and others with the conditâ€¦ https://t.co/oFp5UI36Ex,0.7506,0.0,0.726,0.274
BBC,2018-07-22 08:19:58+00:00,RT @BBCNewsbeat: Say hello to @NicoleAMaines who will play TV's first ever transgender superhero. https://t.co/QIIPLjRZBo https://t.co/FhUrâ€¦,0.34,0.0,0.862,0.138
BBC,2018-07-22 08:03:01+00:00,"ğŸ Prehistoric bake-off: Scientists have discovered the earliest known evidence of bread-making, from a 14,000-year-â€¦ https://t.co/rt2YVZY1zW",0.0,0.0,1.0,0.0
BBC,2018-07-22 07:03:00+00:00,"Do you have a reusable water bottle?
#PlasticsAction https://t.co/XTlzV0IEGB",0.0,0.0,1.0,0.0
BBC,2018-07-21 20:21:08+00:00,"ğŸ¬ğŸ¿ A business trip leads to a chance encounter...

Pretty Woman | 10:20pm | @BBCOne | https://t.co/vCrrzh7bN7 https://t.co/KS0CZCwcDx",0.6369,0.0,0.679,0.321
BBC,2018-07-21 19:31:05+00:00,"The ruins of a Cumbrian village have been exposed by the UK drought. ğŸŒ¡

https://t.co/zCaOtOFM74",-0.4939,0.259,0.741,0.0
BBC,2018-07-21 18:02:06+00:00,"ğŸ˜‚ @RomeshRanga really REALLY can't stand Gogglebox. #LiveAtTheApollo

https://t.co/IMrhnETAg7",0.4404,0.114,0.659,0.228
BBC,2018-07-21 17:05:05+00:00,"How being drawn naked helped these women reclaim their bodies. 
(via @BBCThree) https://t.co/h22GymBo6O",0.0,0.0,1.0,0.0
BBC,2018-07-21 16:04:04+00:00,Was the ğŸ˜Šthe first emoticon? https://t.co/3eZwRPDqbJ,0.0,0.0,1.0,0.0
BBC,2018-07-21 15:04:19+00:00,RT @BBCR1: From @ShawnMendes and @NiallOfficial to @DUALIPA and @ArianaGrande; 10 massive pop collabs we NEED to hear right now ğŸ‘‰ https://tâ€¦,0.0,0.0,1.0,0.0
BBC,2018-07-21 15:04:02+00:00,ğŸ‘°ğŸŠğŸ¤µ @reallorraine and @robbeckettcomic host as two couples play for dream prizes and a chance to get married in froâ€¦ https://t.co/JOaddKsXdr,0.8126,0.0,0.63,0.37
BBC,2018-07-21 14:03:06+00:00,A huge iceberg is looming over a village in Greenland. https://t.co/sDLtIq41Fj,0.2023,0.139,0.648,0.213
BBC,2018-07-21 13:03:08+00:00,"Would you consider becoming a hedgehog foster parent? ğŸ¦” ğŸ’•

https://t.co/qTzxBdTy1B",0.0,0.0,1.0,0.0
BBC,2018-07-21 12:03:05+00:00,"Maths, science, history and... death? ğŸ’ğŸ“šğŸ¤”

Death could be added to the school timetable in Australia. ğŸ‘‰â€¦ https://t.co/l6jEPAaK64",-0.8316,0.328,0.672,0.0
BBC,2018-07-21 11:16:04+00:00,"ğŸƒğŸƒâ€â™€ï¸ @GabbyLogan presents live coverage from the first day of the #AnniversaryGames at the London Stadium.

Athletâ€¦ https://t.co/KD8QAeSMnA",0.0,0.0,1.0,0.0
BBC,2018-07-21 10:10:07+00:00,ğŸƒThis 88-year-old runner has celebrated his 200th Parkrun in Manchester. https://t.co/9yG6L3bCye,0.5719,0.0,0.73,0.27
BBC,2018-07-21 09:03:03+00:00,"Amazing innovation ğŸ’¡
A family in France has become the first to move in to a 3D-printed house. https://t.co/FYDtNW19PL",0.7506,0.0,0.714,0.286
BBC,2018-07-21 09:02:04+00:00,ğŸ‡±ğŸ‡° The Sri Lankan schoolgirl turned inventor trying to save the planet one lunchbox at a time. https://t.co/RZlJolph79,0.4939,0.0,0.842,0.158
BBC,2018-07-21 08:32:20+00:00,RT @bbcweather: In Pictures: The dramatic effect of the UK heatwave https://t.co/xmdTbUlpTy Jo https://t.co/mKIjUw8Yhs,0.0,0.0,1.0,0.0
BBC,2018-07-21 08:03:05+00:00,"""I was training and missed it. I cried.""  â¤ï¸ï¸

@serenawilliams has opened up about missing her baby's first steps.â€¦ https://t.co/h7B11Zrvxy",-0.5267,0.206,0.794,0.0
BBC,2018-07-21 07:03:03+00:00,"Should we be allowed to modify human DNA in future children? ğŸ”¬

An inquiry has found editing human embryos 'morallyâ€¦ https://t.co/ym7J8WiOLt",0.0,0.0,1.0,0.0
BBC,2018-07-20 19:02:04+00:00,From honeymoon horror to a dine and dash: this is what happens when holiday romances go wrong. ğŸğŸ˜³ğŸ’”â€¦ https://t.co/o0skuAQ21P,-0.4215,0.264,0.543,0.194
BBC,2018-07-20 18:03:08+00:00,ğŸ¥ğŸ¶ Every member of this choir is here on doctor's orders. https://t.co/5GLpzwPzwU,0.0,0.0,1.0,0.0
BBC,2018-07-20 17:02:06+00:00,"ğŸ“º @louistheroux dives into the BBC Archives and selects his favourite documentaries.

Louis Theroux: Docs That Madeâ€¦ https://t.co/Hun3M35ZEQ",0.0,0.0,1.0,0.0
BBC,2018-07-20 15:59:00+00:00,Actual footage of me leaving work for the weekend and not looking back... ğŸ‘‹ #FridayFeeling https://t.co/Ppg3Qk7fj3,0.4939,0.0,0.833,0.167
BBC,2018-07-20 14:56:18+00:00,"RT @BBCBreaking: Several people wounded in knife attack on bus in northern German city of Luebeck, reports say https://t.co/SS7enQBT3h",-0.4767,0.147,0.853,0.0
BBC,2018-07-20 14:53:06+00:00,"RT @BBCWomansHour: It's not easy, it can be uncomfortable &amp; nerve racking...ğŸ“£ so why speak out? @charlottechurch tells us what drives her tâ€¦",-0.6131,0.192,0.808,0.0
BBC,2018-07-20 14:52:46+00:00,RT @BBCWomansHour: What does @KatiePrice have to say to her critics? She tells us what pushes her to keep going even when she feels under aâ€¦,-0.296,0.081,0.919,0.0
BBC,2018-07-20 14:31:04+00:00,"A can of lager and a packet of custard creams are the secret to a long life for Eileen, a Blackpool woman celebratiâ€¦ https://t.co/y5KL6atB0O",0.0,0.0,1.0,0.0
BBC,2018-07-20 13:35:41+00:00,"RT @BBCNewsround: Did you know there are 25,000 children addicted to gambling in Britain? Find out more about gambling, gaming and why it iâ€¦",0.0,0.0,1.0,0.0
BBC,2018-07-20 13:33:22+00:00,"David Attenborough wants you to get out a chair and spot some ğŸ¦‹ğŸ¦‹ğŸ¦‹ 

And you can't say no to such a legend...â€¦ https://t.co/PKWvebWrHz",0.2235,0.0,0.914,0.086
BBC,2018-07-20 13:03:04+00:00,"Korean is rapidly growing in popularity, in a language-learning boom driven by the popularity of the country'sâ€¦ https://t.co/t9EfT4am8g",0.7845,0.0,0.639,0.361
BBC,2018-07-20 13:01:24+00:00,RT @BBCArchive: #OnThisDay 1969: Mankind made one giant leap. https://t.co/Szfw85ebOP,0.0,0.0,1.0,0.0
BBC,2018-07-20 12:02:04+00:00,ğŸ»ğŸâ™¥ï¸ Who doesn't love a teddy bear?  https://t.co/Pxd4u1WYLa,-0.5216,0.36,0.64,0.0
BBC,2018-07-20 11:21:07+00:00,"From satirical cartoons to original Rembrandts and taxidermy geese, thereâ€™s plenty to intrigue art lovers this summâ€¦ https://t.co/9YDofEBDLI",0.6908,0.0,0.737,0.263
BBC,2018-07-20 10:48:43+00:00,"RT @BBCEngland: ğŸ¦‹ If Sir David Attenborough wants us to count butterflies, we'll count butterflies... ğŸ¦‹

#butterflycount

https://t.co/wlWnâ€¦",0.0,0.0,1.0,0.0
BBC,2018-07-20 10:44:50+00:00,ğŸ˜ğŸ¾ The 150th anniversary of the founding of the golden retriever has been celebrated at the breed's ancestral homeâ€¦ https://t.co/MP2ijSzMFg,0.5719,0.0,0.837,0.163
BBC,2018-07-20 09:11:11+00:00,ğŸ‘€ First look at brand new #DoctorWho https://t.co/V9UpeFtwMa,0.0,0.0,1.0,0.0
BBC,2018-07-20 08:01:07+00:00,ğŸ”¥ Fashion icon? https://t.co/8qdFXbOxmE,-0.34,0.444,0.556,0.0
BBC,2018-07-20 07:25:07+00:00,âš¡ï¸ğŸš™ Half of young people in the UK would like to own an electric car â€“ compared with just a quarter of their parentâ€¦ https://t.co/wccWjtuyky,0.3612,0.0,0.898,0.102
BBC,2018-07-20 07:02:03+00:00,ğŸŒ³ These curious 'animals' have been popping up in one London neighbourhood. https://t.co/EaVZ5RovIq,0.3182,0.0,0.85,0.15
BBC,2018-07-19 19:01:04+00:00,"When walking alone at night, it's not as simple as ""be safe"". https://t.co/OcJyZ4Q0fQ",-0.25,0.143,0.857,0.0
BBC,2018-07-19 18:57:05+00:00,âš¡ï¸ğŸ’¡ These brothers from Ghana are using cassavas to generate electricity. https://t.co/CtNj20Hf14,0.0,0.0,1.0,0.0
BBC,2018-07-19 18:02:42+00:00,"â›³ï¸ğŸŒ Highlights on the first round of the 147th Open Championship from Carnoustie. ï¸

Golf: #TheOpen - Day One Highlâ€¦ https://t.co/zdLWmnm28x",0.4404,0.0,0.861,0.139
BBC,2018-07-19 17:29:06+00:00,The catwalk show with a mission to prove everyone is beautiful. https://t.co/sGAR4YzNZT,0.5994,0.0,0.719,0.281
BBC,2018-07-19 17:02:04+00:00,Visit the RHS Flower Show at @tatton_park in Cheshire as it celebrates its 20th birthday with a festival of flowersâ€¦ https://t.co/oGBZVyKFut,0.7845,0.0,0.723,0.277
BBC,2018-07-19 15:57:06+00:00,ğŸ‡¬ğŸ‡§ Do you know your Britishisms? https://t.co/mdPdlfb3jE,0.4215,0.0,0.714,0.286
BBC,2018-07-19 15:11:33+00:00,RT @BBC_ARoadshow: Happy 90th Birthday Henry - you certainly had a smashing time with #FionaBruce ...! #antiquesroadshow https://t.co/tgqqXâ€¦,0.75,0.0,0.687,0.313
BBC,2018-07-19 14:51:09+00:00,"RT @BBCEarth: This is happening right now! 

@parleyxxx are a group fighting against plastic pollution. A team is currently in Dominican Reâ€¦",-0.4199,0.128,0.872,0.0
BBC,2018-07-19 14:29:39+00:00,"Upmarket British fashion label Burberry destroyed unsold clothes, accessories and perfume worth Â£28.6m last year toâ€¦ https://t.co/ngZUdI2Iem",-0.3182,0.159,0.746,0.095
BBC,2018-07-19 14:01:05+00:00,This new Juventus kit is made entirely from recycled ocean plastic. â™»ï¸ğŸŒŠï¸âš½ï¸ https://t.co/m0uU5O0Xyx https://t.co/K84NwxQvsQ,0.0,0.0,1.0,0.0
BBC,2018-07-19 13:21:41+00:00,RT @cbbc: Never before seen footage of @geesteelx before #LoveIsland proves she's always been loyal babes ï¿½ï¿½ğŸ˜‚ï¿½ï¿½ https://t.co/jk3tUVysNh,0.4767,0.0,0.846,0.154
BBC,2018-07-19 13:07:03+00:00,RT @BBCWales: The @RoyalWelshShow is the biggest agricultural show in Europe. Here's what that looks like in numbers... https://t.co/roaSSMâ€¦,0.3612,0.0,0.878,0.122
BBC,2018-07-19 13:01:15+00:00,RT @bbcthree: #OneHotSummer2018 has arrived! Our brand-new series follows different groups of friends on a month-long trip through Spain. hâ€¦,0.5255,0.0,0.841,0.159
BBC,2018-07-19 12:51:41+00:00,"RT @BBCNews: Meet the first black winner of Miss Universe GB ğŸ‘¸ğŸ¾

https://t.co/sIsxBN8mIB #MUGB https://t.co/aZ86xey66e",0.4939,0.075,0.748,0.178
BBC,2018-07-19 12:00:29+00:00,"When male macaques fall out, they have an interesting way of apologising...
#AnimalsBehavingBadly https://t.co/eNiQRvW2Lr",0.4019,0.0,0.828,0.172
BBC,2018-07-19 11:01:03+00:00,ğŸğŸ€ Scientists studying reefs on tropical islands say that rats directly threaten the survival of these ecosystems.â€¦ https://t.co/4ccOkWmKnB,-0.3818,0.133,0.867,0.0
BBC,2018-07-19 10:31:03+00:00,Swimmers in Cornwall are being urged to stay out of the water after a 9ft blue shark was spotted in a harbour. ğŸ¦ˆâ€¦ https://t.co/cywSw7ygVt,0.0,0.0,1.0,0.0
BBC,2018-07-19 09:34:09+00:00,"RT @bbcpress: ğŸ‘ğŸ«ğŸ–Š Shoehorns, bus tickets and smelly gel pens... How much does @JoeLycett know about #Obsessions? New series starts tonightâ€¦",0.0,0.0,1.0,0.0
BBC,2018-07-19 08:52:10+00:00,"Teenage pregnancy ğŸ‘¶
Drinking ğŸº
Smoking ğŸš¬

How 'Generation Sensible' differs from previous generations of teenagers.â€¦ https://t.co/eP55PLNl5V",0.0,0.0,1.0,0.0
BBC,2018-07-19 08:01:00+00:00,"ğŸŒğŸŒ• If half the UK switched to reusable water bottles, we'd save enough plastic to stretch to the moon and back in jâ€¦ https://t.co/3DkkUwuXuh",0.4939,0.0,0.878,0.122
BBC,2018-07-19 07:25:02+00:00,"Most people do what authority figures tell them to â€“ even when they disagree. 

ğŸ§  The reason, it turns out, is hiddâ€¦ https://t.co/qVwGffaIlJ",-0.3182,0.109,0.837,0.054
BBC,2018-07-19 07:00:11+00:00,ğŸ‘¶ğŸ‘¶ Welcome to the town with hundreds of twins! https://t.co/hLVexzGe6n,0.5093,0.0,0.732,0.268
BBC,2018-07-18 19:56:03+00:00,"ğŸ¥“âœˆï¸ A plane passenger who flew into a rage after being denied a bacon roll by cabin crew has been fined Â£230.
ğŸ‘‰â€¦ https://t.co/KT6mKvPMbx",-0.7579,0.255,0.745,0.0
BBC,2018-07-18 18:02:07+00:00,"ğŸ™ˆğŸ™‰ğŸ™Š @lizbonnin meets the animals using outlandish means to find a mate and raise a family, and reveals the fascinatâ€¦ https://t.co/NIsJLjlJXi",0.0,0.0,1.0,0.0
BBC,2018-07-18 17:02:01+00:00,A US company owner gave a new employee a car after he went the extra 20 miles and walked all night to make his firsâ€¦ https://t.co/kHTdIvC7Yz,0.0,0.0,1.0,0.0
BBC,2018-07-18 16:00:26+00:00,This Nigerian entrepreneur is turning old tyres into furniture. https://t.co/MO11yPi5NJ,0.0,0.0,1.0,0.0
BBC,2018-07-18 14:37:12+00:00,"RT @BBCSpringwatch: Robin making the most of a small garden pond, an adorable reminder to leave out water for our wildlife ğŸ˜ #WednesdayWisdâ€¦",0.7184,0.041,0.748,0.211
BBC,2018-07-18 14:00:12+00:00,"ğŸ©ğŸ“š Jane Austen died 201 years ago today but continues to inspire new generations, like period tailor @ZackPinsent. https://t.co/jE8XKA0oPT",0.7906,0.086,0.602,0.312
BBC,2018-07-18 13:03:04+00:00,A plasterer who scooped Â£1m on the Lottery after claiming his ticket at the last minute has thanked a shopper who lâ€¦ https://t.co/rhzxi3lQRG,0.4404,0.0,0.873,0.127
BBC,2018-07-18 12:03:02+00:00,ğŸ’ğŸ’¡ Chloe has woken up the fashion world with her brilliant idea for a wheelchair friendly jumpsuit. https://t.co/ddYHnVQlSD,0.7906,0.0,0.682,0.318
BBC,2018-07-18 11:00:16+00:00,"The Thai cave rescue story and four other seriously heroic tales.

Turns out people are braver in real life than thâ€¦ https://t.co/utyRb39MKd",0.8625,0.057,0.6,0.343
BBC,2018-07-18 09:19:41+00:00,"Whatâ€™s your favourite Nelson Mandela quote?
#Mandela100 #MandelaDay https://t.co/Zlgxy5m9OP",0.0,0.0,1.0,0.0
BBC,2018-07-18 08:00:19+00:00,"ğŸ¥„ For some people, passing through airport security can be a life-changing moment. https://t.co/4YbqwzP0Nz",0.34,0.0,0.833,0.167
BBC,2018-07-18 07:26:04+00:00,Sex differences in dementia are only just being recognised â€“ but the consequences could change the way we fight theâ€¦ https://t.co/VLzXCxQqnw,-0.5267,0.152,0.848,0.0
BBC,2018-07-18 07:01:06+00:00,ğŸ“±ğŸ‘€ The smartphone app helping African pupils see. https://t.co/jAtFKURZgC,0.296,0.0,0.784,0.216
BBC,2018-07-17 19:03:04+00:00,"ğŸ¬ğŸ¥ğŸ¿ @KermodeMovie reveals the film-making tricks and techniques behind classic movie genres, from romcoms to horrorâ€¦ https://t.co/gWdjEv0bU4",-0.128,0.086,0.914,0.0
BBC,2018-07-17 18:03:06+00:00,"Tonight, @GreggAWallace and @cherryhealey visit an enormous coffee factory where they produce 175,000 jars of instaâ€¦ https://t.co/BL2Wl3nRDv",0.0,0.0,1.0,0.0
BBC,2018-07-17 17:58:03+00:00,It's time to flip the script on dyslexia. https://t.co/fUh6PnoMgK,0.0,0.0,1.0,0.0
BBC,2018-07-17 16:01:00+00:00,"ğŸ¤¢ Each week, the equivalent of 300 Olympic swimming pools full of raw sewage is released into the Thames.

The Fiveâ€¦ https://t.co/PIi5TgaMkR",0.0,0.0,1.0,0.0
CBS,2018-07-22 01:56:13+00:00,RT @startrekcbs: Stream the full panel &amp; learn all the exclusive details revealed about season 2 of #StarTrekDiscovery at @Comic_Con: httpsâ€¦,0.128,0.0,0.927,0.073
CBS,2018-07-21 00:55:28+00:00,RT @MagnumPICBS: Couldn't make it to San Diego for the #MagnumPI panel? Here's everything you missed at #SDCC2018: https://t.co/Z7IBqF1YJ8â€¦,-0.296,0.109,0.891,0.0
CBS,2018-07-21 00:19:12+00:00,RT @bigbangtheory: The #BigBangTheory writers teased a honeymoon episode and more @YoungSheldon characters in Season 12 while speaking at #â€¦,-0.296,0.109,0.891,0.0
CBS,2018-07-21 00:10:00+00:00,"RT @TrueCrimeCBS: When you find out youâ€™ve been treated with chemo, but you donâ€™t have cancer. #Whistleblower https://t.co/DAKwu1vcNX",-0.7964,0.264,0.736,0.0
CBS,2018-07-20 23:44:54+00:00,George blew the whistle on a doctor targeting those who believed they had cancer. What was the outcome? Find out toâ€¦ https://t.co/rLlNzlK3Cy,-0.6597,0.18,0.82,0.0
CBS,2018-07-20 22:29:36+00:00,"RT @startrekcbs: Discover the next adventure of Starfleet in this first look at the season 2 premiere, coming early 2019. Season 1 is now sâ€¦",0.3182,0.0,0.905,0.095
CBS,2018-07-20 21:39:09+00:00,Take a trip down memory lane with the cast and crew of @MagnumPICBS at #SDCC2018! https://t.co/jHVxm7kyaT,0.0,0.0,1.0,0.0
CBS,2018-07-20 15:08:23+00:00,"This @cbsallaccess series is unlike any fairy tale you've ever seen before. @paulwesley, @kevwilliamson &amp;â€¦ https://t.co/icsSnPxKAr",0.0,0.0,1.0,0.0
CBS,2018-07-17 17:55:25+00:00,ğŸ¤°ğŸ‘©â€ğŸ‘§ğŸš«ğŸ¸ #WorldEmojiDay,0.0,0.0,1.0,0.0
CBS,2018-07-17 17:22:29+00:00,ğŸ‘¨ğŸ“âœ”ï¸Â #WorldEmojiDay,0.0,0.0,1.0,0.0
CBS,2018-07-17 17:22:29+00:00,ğŸ‘©â€ğŸ’¼ğŸ’¼ğŸ‡ºğŸ‡¸Â #WorldEmojiDay,0.0,0.0,1.0,0.0
CBS,2018-07-17 17:22:29+00:00,ğŸ•µï¸ğŸ•µï¸â€â™€ï¸Â #WorldEmojiDay,0.0,0.0,1.0,0.0
CBS,2018-07-17 17:22:29+00:00,âš“ï¸ğŸ¦…ğŸ‡ºğŸ‡¸Â #WorldEmojiDay,0.0,0.0,1.0,0.0
CBS,2018-07-17 17:22:29+00:00,ğŸ„ğŸŒ´ğŸš”Â #WorldEmojiDay,0.0,0.0,1.0,0.0
CBS,2018-07-17 17:22:28+00:00,ğŸ’™ğŸ‘®ğŸ½Â #WorldEmojiDay,0.0,0.0,1.0,0.0
CBS,2018-07-17 17:22:28+00:00,ğŸ’£ğŸ“Â #WorldEmojiDay,0.0,0.0,1.0,0.0
CBS,2018-07-17 17:22:28+00:00,ğŸŒâ˜„ï¸Â #WorldEmojiDay,0.0,0.0,1.0,0.0
CBS,2018-07-17 17:22:28+00:00,ğŸ·ğŸ’°ğŸ°Â #WorldEmojiDay,0.0,0.0,1.0,0.0
CBS,2018-07-17 17:22:28+00:00,ğŸ‘¶ğŸ˜´ğŸš«Â #WorldEmojiDay,0.0,0.0,1.0,0.0
CBS,2018-07-17 17:22:28+00:00,ğŸ¤ğŸ’¼ğŸ’°Â #WorldEmojiDay,0.0,0.0,1.0,0.0
CBS,2018-07-17 17:22:27+00:00,ğŸ’„ğŸ‘ ğŸ“·Â #WorldEmojiDay,0.0,0.0,1.0,0.0
CBS,2018-07-17 17:22:27+00:00,ğŸğŸ”¥ğŸ’µÂ #WorldEmojiDay,0.0,0.0,1.0,0.0
CBS,2018-07-17 17:22:27+00:00,ğŸ®âš–ï¸Â #WorldEmojiDay,0.0,0.0,1.0,0.0
CBS,2018-07-17 17:22:27+00:00,ğŸ ğŸ“¹ğŸ“¹ğŸ“¹Â #WorldEmojiDay,0.0,0.0,1.0,0.0
CBS,2018-07-17 17:22:27+00:00,ğŸ‘¶ğŸ’¥ğŸŒğŸ”¬Â #WorldEmojiDay,0.0,0.0,1.0,0.0
CBS,2018-07-17 17:22:26+00:00,ğŸ’¥ğŸŒğŸ”¬Â #WorldEmojiDay,0.0,0.0,1.0,0.0
CBS,2018-07-17 17:22:26+00:00,Celebrate #WorldEmojiDay with a fun game! Use the emoji sequences below to guess the CBS show. ğŸ‘‡ Tweet your responsâ€¦ https://t.co/LCqvuVtkXK,0.807,0.0,0.742,0.258
CBS,2018-07-13 21:35:01+00:00,"Stand up. Speak up. Blow the whistle. 

Don't miss the premiere of the @TrueCrimeCBS series #Whistleblower tonightâ€¦ https://t.co/uNhx4Codc2",0.1139,0.0,0.922,0.078
CBS,2018-07-13 21:15:41+00:00,"RT @TheNeighborhood: There's a new family on the block, and they're about to turn this neighborhood upside down. @CedEntertainer and @Tichiâ€¦",-0.4404,0.132,0.868,0.0
CBS,2018-07-13 17:49:38+00:00,Take a walk down @YandR_CBS memory lane with stars @JessWaltonYR and Peter Bergman! You can watch full episodes ofâ€¦ https://t.co/MZEUfiJJyb,0.0,0.0,1.0,0.0
CBS,2018-07-12 01:01:24+00:00,RT @TKOCBS: Prepare to have some major FUN. #TKO starts NOW! https://t.co/i2ftL6GCj5,0.6514,0.0,0.718,0.282
CBS,2018-07-11 21:44:45+00:00,"Itâ€™s fun, different, unique, and finally here! @TKOCBS hosted by @KevinHart4real premieres at 9/8c on CBS andâ€¦ https://t.co/MCeVLVK85i",0.5562,0.0,0.826,0.174
CBS,2018-07-11 19:09:34+00:00,"RT @MagnumPICBS: Talk about hands-on research! #MagnumPI's cast had the honor of joining the US Navy Submarine Force, US Pacific Fleet #Subâ€¦",0.5411,0.0,0.857,0.143
CBS,2018-07-09 23:55:07+00:00,Time to mark your calendars! CBS' fall 2018 premiere lineup has been announced: https://t.co/yYv3H9aEO7 https://t.co/lRxAA7suie,0.0,0.0,1.0,0.0
CBS,2018-07-09 18:53:34+00:00,"RT @TKOCBS: The Ball Buster, the Frisboom, the Spike Launcher, and the Slammerâ€¦ Get to know all of the #TKO Battle Stations: https://t.co/2â€¦",-0.3818,0.106,0.894,0.0
CBS,2018-07-09 18:09:00+00:00,"RT @cbsallaccess: How much does it cost to bury the truth? #OneDollar premieres August 30, exclusively on CBS All Access. https://t.co/2HdYâ€¦",0.3182,0.0,0.897,0.103
CBS,2018-07-06 22:22:55+00:00,"RT @SalvationCBS: Mark your calendars, #Salvies: Monday's new #SalvationCBS will air at a special time, 10/9c. https://t.co/RUh1J7cfj8",0.4019,0.0,0.847,0.153
CBS,2018-07-06 18:26:37+00:00,Happy #InternationalKissingDay! See which stars we caught locking lips on the CBS Kiss Cam. ğŸ˜˜ https://t.co/oMPCHZlgCl,0.8622,0.0,0.61,0.39
CBS,2018-07-05 21:12:17+00:00,Have you heard? Tonight's the first Live Show of #BB20. Grab a seat and get ready to watch the action unfold on CBSâ€¦ https://t.co/0YgRV1HLGd,0.3612,0.0,0.898,0.102
CBS,2018-07-02 21:13:11+00:00,"How much does it cost to bury the truth? #OneDollar premieres Thursday, August 30, exclusively on CBS All Access.â€¦ https://t.co/1tab8eCaFz",0.3182,0.0,0.892,0.108
CBS,2018-07-02 20:47:32+00:00,Take a first look at our @Comic_Con lineup along with details of what you can expect to see:â€¦ https://t.co/JqBtlKcwq3,0.0,0.0,1.0,0.0
CBS,2018-07-02 17:27:06+00:00,RT @TrueCrimeCBS: Two new true-crime series are set to premiere this July on CBS! Learn more about #Whistleblower and #PinkCollarCrimes befâ€¦,0.0,0.0,1.0,0.0
CBS,2018-07-02 17:00:02+00:00,"If at first you donâ€™t succeed on @PriceIsRightâ€¦bid, bid again! https://t.co/OWBaOsFZ3i",0.5411,0.0,0.741,0.259
CBS,2018-06-27 20:31:32+00:00,Whatâ€™s summer without @CBSBigBrother? â˜€ï¸ RT if youâ€™re counting down the hours to the #BB20 premiere TONIGHT at 8/7câ€¦ https://t.co/Xp1s4Fp5J8,0.0,0.0,1.0,0.0
CBS,2018-06-27 14:00:01+00:00,"It looks like you...

(â€¢_â€¢)
( â€¢_â€¢)&gt;âŒâ– -â– 
(âŒâ– _â– )

Have a lot of TV to watch!

Celebrate #NationalSunglassesDay with Hâ€¦ https://t.co/Babt4ajIgV",0.7574,0.0,0.711,0.289
CBS,2018-06-25 18:20:25+00:00,The world will finally know the truth. â˜„ï¸ Make sure to tune in to the heart-pounding Season 2 premiere ofâ€¦ https://t.co/mqMleW90DY,0.5574,0.0,0.796,0.204
CBS,2018-06-22 21:19:06+00:00,Tonight's the night! Don't miss model @ashleygraham on the season finale of Celebrity @undercover_cbs at 8/7c. https://t.co/iBxAOcOF7a,0.1867,0.0,0.902,0.098
CBS,2018-06-22 18:33:53+00:00,"Every day is #TakeYourDogToWorkDay for shows like @HawaiiFive0CBS, @MomCBS, @SEALTeamCBS, and @bigbangtheory! https://t.co/DJaOt1VQcw",0.4199,0.0,0.811,0.189
CBS,2018-06-21 23:29:50+00:00,"Lights, camera, selfie! ğŸ“¸Â Could there be a better photo for #NationalSelfieDay? https://t.co/14Ewx64yKC",0.4926,0.0,0.803,0.197
CBS,2018-06-20 00:39:01+00:00,Thereâ€™s nothing quite like watching a contestant win a brand new car on @PriceIsRight. ğŸ‘  https://t.co/aKlFikYAMM,0.3555,0.122,0.68,0.199
CBS,2018-06-18 20:27:50+00:00,Time to make your predictions for #BB20! ğŸ‘ Get to know the @CBSBigBrother Houseguests before the big premiere nextâ€¦ https://t.co/jlpIchJ9sk,0.0,0.0,1.0,0.0
CBS,2018-06-18 15:00:46+00:00,RT @CBSBigBrother: Meet the cast of #BB20... before anyone else! Start streaming all their live interviews beginning at 11am EST/8am PST onâ€¦,0.0,0.0,1.0,0.0
CBS,2018-06-17 13:00:01+00:00,"Today and every day we celebrate their love, guidance, and support. Happy #FathersDay to every kind of dad! https://t.co/Wffax1khBH",0.9392,0.0,0.507,0.493
CBS,2018-06-15 18:48:29+00:00,"Casting Alert! @paulwesley, @DaniaJRamirez &amp; @JamesWolk are set to star in the upcoming CBS All Access psychologicaâ€¦ https://t.co/JnZMrzT92n",0.3595,0.0,0.872,0.128
CBS,2018-06-14 17:30:00+00:00,"In case you missed it, watch the entire #TonyAwards now: https://t.co/Bm0yNV3Ff3 https://t.co/h3YnFkmSQJ",-0.296,0.167,0.833,0.0
CBS,2018-06-14 16:19:32+00:00,RT @StrangeAngel: Mastermind or maniac? Explore the brilliant mind of Jack Parsons in #StrangeAngel. Now streaming on CBS All Access: httpsâ€¦,0.1779,0.12,0.734,0.147
CBS,2018-06-12 00:19:23+00:00,"No pain, no gain, ALL Hart! Just one month until the premiere of @TKOCBS hosted by @KevinHart4real. https://t.co/C1yMCglxVn",-0.5562,0.315,0.551,0.134
CBS,2018-06-11 22:23:06+00:00,"RT @TheNeighborhood: Welcome to #TheNeighborhood, @BethBehrs! The @2BrokeGirls star returns to @CBS in a new sitcom alongside @CedEntertainâ€¦",0.5093,0.0,0.829,0.171
CBS,2018-06-11 19:01:38+00:00,"In case you missed it, watch the entire #TonyAwards now: https://t.co/Bm0yNV3Ff3 https://t.co/3GA5otlcPa",-0.296,0.167,0.833,0.0
CBS,2018-06-11 14:00:37+00:00,How do you know @SaraBareilles and @joshgroban's music? #TonyAwards https://t.co/POMXBORfUT,0.0,0.0,1.0,0.0
CBS,2018-06-11 06:19:36+00:00,Here are all the performances from the 2018 #TonyAwards: https://t.co/gN4ItpFlRd https://t.co/fSMNBXKC9r,0.0,0.0,1.0,0.0
CBS,2018-06-11 06:04:41+00:00,See the complete list of winners from the 2018 #TonyAwards: https://t.co/9XK6CGeber https://t.co/HkUIN4Quej,0.4767,0.0,0.78,0.22
CBS,2018-06-11 03:10:33+00:00,An end to a magical evening. The Band's Visit wins for Best Musical! #TonyAwards https://t.co/ODza97n8YH,0.8478,0.0,0.594,0.406
CBS,2018-06-11 03:02:06+00:00,Congratulations are in order for @TheKatrinaLenk! She just won for Best Leading Actress in a Musical. #TonyAwards https://t.co/t9bNvpiEmH,0.92,0.0,0.537,0.463
CBS,2018-06-11 02:58:30+00:00,"RT @CBSThisMorning: Hmm... something seems off here @SaraBareilles @JoshGroban. ğŸ˜‚

@WaitressMusical @GreatCometBway #TonyAwards https://t.câ€¦",0.4404,0.088,0.737,0.175
CBS,2018-06-11 02:56:40+00:00,RT @_stobin13: watching the #TonyAwards after going to 3 broadway shows this weekend makes it even better ğŸ˜ğŸ¤©,0.4404,0.0,0.847,0.153
CBS,2018-06-11 02:56:10+00:00,Tony Shalhoub wins Best Leading Actor in a Musical. #TonyAwards   #TheBandsVisit https://t.co/KcUDSicKI5,0.836,0.0,0.533,0.467
CBS,2018-06-11 02:53:00+00:00,The Boss looks right at home on the #TonyAwards stage! https://t.co/pwjv4iydkn,0.0,0.0,1.0,0.0
CBS,2018-06-11 02:47:29+00:00,RT @Aatamianphoto: Springsteen is on the #TonyAwards and I love it.,0.6369,0.0,0.682,0.318
CBS,2018-06-11 02:44:50+00:00,Inspiration: Get to your YES! #OnceOnThisIsland #TonyAwards https://t.co/Wjp0QIWfXq,0.7978,0.0,0.457,0.543
CBS,2018-06-11 02:44:37+00:00,The feeling when you win a Tony. ğŸ™ŒÂ Congratulations to Once on This Island for winning Best Revival of a Musical!â€¦ https://t.co/UpFCqgBTwh,0.9523,0.0,0.484,0.516
CBS,2018-06-11 02:33:09+00:00,What a beautiful performance by the cast of #TheBandsVisit. #TonyAwards https://t.co/4Hw96kZvrf,0.5994,0.0,0.698,0.302
CBS,2018-06-11 02:29:18+00:00,"""I'm a living example of how theatre can change you - and it didn't just change me, it saved me."" @JohnLeguizamo atâ€¦ https://t.co/4ICwMhb6hv",0.4215,0.0,0.877,0.123
CBS,2018-06-11 02:23:56+00:00,Angels in America takes the win for Best Revival of a Play! #TonyAwards https://t.co/zodW61tw8a,0.8932,0.0,0.483,0.517
CBS,2018-06-11 02:21:03+00:00,"RT @leahableson: The Once On This Island Goat And Chicken made it to the broadcast, Mama WILL provide #TonyAwards",0.0,0.0,1.0,0.0
CBS,2018-06-11 02:16:06+00:00,That performance was the GOAT. #TonyAwards https://t.co/mtoU92HipQ,0.0,0.0,1.0,0.0
CBS,2018-06-11 02:11:03+00:00,Harry Potter and the Cursed Child wins Best Play at the #TonyAwards! @HPPlayNYC https://t.co/WIqJQmtAlN,0.8908,0.0,0.509,0.491
CBS,2018-06-11 02:05:47+00:00,ğŸ¶ â€œLet's dance this last dance tonight.â€ ğŸ¶ #TonyAwards #DonnaSummerMusical https://t.co/UAIaglChfv,0.0,0.0,1.0,0.0
CBS,2018-06-11 02:03:31+00:00,Hope he brought enough birthday cake for everyone! #TonyAwards https://t.co/FlLbKV6oj8,0.4926,0.0,0.738,0.262
CBS,2018-06-11 01:58:48+00:00,@writerlindsayb You're welcome! #TonyAwards,0.5093,0.0,0.477,0.523
CBS,2018-06-11 01:53:17+00:00,RT @hjmayer8: I sure do love @DearEvanHansen ğŸ’™ #TonyAwards,0.7579,0.0,0.519,0.481
CBS,2018-06-11 01:51:16+00:00,"RT @Valerie4815: What a birthday present, the Tony audience singing happy birthday to you!! #TonyAwards",0.6467,0.0,0.752,0.248
CBS,2018-06-11 01:38:23+00:00,If only this performance could go on forever. #TonyAwards @FrozenBroadway https://t.co/p2BMUvyTxr,0.0,0.0,1.0,0.0
CBS,2018-06-11 01:37:36+00:00,RT @anna_villanueva: Magnificent performance from the cast of @FrozenBroadway! #TonyAwards2018 #TonyAwards #Tonys,0.636,0.0,0.724,0.276
CBS,2018-06-11 01:30:56+00:00,Glenda Jackson wins Best Leading Actress in a Play. #TonyAwards @threetallwomen https://t.co/GRp1gcBuiW,0.8834,0.0,0.437,0.563
CBS,2018-06-11 01:29:21+00:00,.@SaraBareilles is totally a Gryffindor. #TonyAwards https://t.co/OPQ7esk2dn,0.0,0.0,1.0,0.0
CBS,2018-06-11 01:26:03+00:00,RT @IzzyNY202: How impressive are these Marjory Stoneman Douglas students? That #TonyAwards performance reduced me to tears. Amazing.,0.7351,0.079,0.625,0.296
CBS,2018-06-11 01:25:59+00:00,RT @KatLargent: MAGIC #TonyAwards,0.0,0.0,1.0,0.0
CBS,2018-06-11 01:24:46+00:00,Such a touching moment at the #TonyAwards. â¤ï¸ https://t.co/4kJWTHVPZ8,0.0,0.0,1.0,0.0
CBS,2018-06-11 01:24:12+00:00,.@Matt_Morrison welcomes the Marjory Stoneman Douglas High School theatre department to the stage. #TonyAwards https://t.co/5dxa9smeka,0.4019,0.0,0.838,0.162
CBS,2018-06-11 01:19:59+00:00,So many feels at the #TonyAwards. Congratulations to @arielstachel for winning Best Featured Actor in a Musical!â€¦ https://t.co/m1aRNIHPRK,0.9151,0.0,0.543,0.457
CBS,2018-06-11 01:12:31+00:00,RT @McBenefit: I love everything about you @UzoAduba. #TonyAwards,0.6369,0.0,0.625,0.375
CBS,2018-06-11 01:08:28+00:00,RT if that musical number by the cast of Carousel blew you away! #TonyAwards https://t.co/CMzMNtcAQO,0.1511,0.0,0.898,0.102
CBS,2018-06-11 01:08:24+00:00,Nathan Lane saw his #AngelsinAmerica role as a challenge. How will you challenge yourself in 2018? #TonyAwards https://t.co/3WXd6AqgBi,0.1531,0.0,0.852,0.148
CBS,2018-06-11 01:02:47+00:00,Nathan Lane wins Best Featured Actor in a Play. #TonyAwards @angelsbway https://t.co/xc8M7JtLDE,0.8834,0.0,0.437,0.563
CBS,2018-06-11 00:58:06+00:00,ğŸŒŸÂ @joshgroban and @SaraBareilles are Host Goals. ğŸŒŸ #TonyAwards https://t.co/OGQec8cXJ6,0.0,0.0,1.0,0.0
CBS,2018-06-11 00:52:34+00:00,RT @adub369: This is unbelievable! @SaraBareilles and @joshgroban #TonyAwards,0.2714,0.0,0.793,0.207
CBS,2018-06-11 00:51:11+00:00,Who lives in a pineapple and just performed at The Tonys? ğŸğŸ¶ The cast of SpongeBob SquarePants: The Musical!â€¦ https://t.co/mvFxdh9UJi,0.0,0.0,1.0,0.0
CBS,2018-06-11 00:50:18+00:00,âœ¨ @LindsayMendez wins Best Featured Actress in a Musical! #TonyAwards @carouselbway https://t.co/MtgFowscN5,0.8883,0.0,0.433,0.567
CBS,2018-06-11 00:45:14+00:00,A big congratulations to @springsteen for his Special Tony award! âœ¨Â #TonyAwards https://t.co/i16u8uv9aT,0.9134,0.0,0.387,0.613
CNN,2018-07-23 14:00:01+00:00,A second victim has died after a gunman opened fire in a popular Toronto neighborhood late Sunday night https://t.co/COG5Xt7JZB,-0.6486,0.354,0.524,0.122
CNN,2018-07-23 13:50:07+00:00,These are the world's largest planes (and other flying things) https://t.co/PP0TTlJCkk https://t.co/vyEi8CdmZY,0.0,0.0,1.0,0.0
CNN,2018-07-23 13:40:10+00:00,"""I didn't really know [HPV] was a threat to me."" Should boys get the HPV vaccine, too? https://t.co/Mw9YLa2P8c",-0.5267,0.175,0.825,0.0
CNN,2018-07-23 13:34:26+00:00,"The UK has indicated it may not be opposed to two members of a British ISIS cell known as ""the Beatles"" being execuâ€¦ https://t.co/YXkqBI2fjb",0.0,0.0,1.0,0.0
CNN,2018-07-23 13:23:40+00:00,"After visiting the border, US Olympian @IbtihajMuhammad issues a call to action to affirm what it means to be an Amâ€¦ https://t.co/SeVQUYrlhx",0.0,0.0,1.0,0.0
CNN,2018-07-23 13:16:07+00:00,UK police have arrested three more men in connection with a suspected acid attack on a three-year-old boy in the ciâ€¦ https://t.co/IRXHuNkjH9,-0.7964,0.323,0.677,0.0
CNN,2018-07-23 13:00:09+00:00,"He just graduated from college and wants to be an astrophysicist. Oh, and he's 11 years old. https://t.co/Duqk5jENgn https://t.co/EqwIK70Mno",0.0,0.0,1.0,0.0
CNN,2018-07-23 12:50:05+00:00,As many as 300 White Helmets are still trapped in Syria after an Israeli evacuation Sunday of hundreds of the rescuâ€¦ https://t.co/8AriSVNpRO,-0.5267,0.139,0.861,0.0
CNN,2018-07-23 12:40:07+00:00,Hundreds of thousands of vaccines provided for Chinese children have been found to be faulty  https://t.co/pH04WBmXCu,-0.3182,0.133,0.867,0.0
CNN,2018-07-23 12:34:16+00:00,"RT @NewDay: ""President Trump (is) learning what his military advisors already know: Nothing moves fast with North Korea, and Kim Jong Un reâ€¦",0.0,0.0,1.0,0.0
CNN,2018-07-23 12:30:00+00:00,A giant 92-foot-long inflatable can be found reclining on this lake in South Korea https://t.co/zLSaCXxp0h viaâ€¦ https://t.co/eh18Jzhmtf,0.0,0.0,1.0,0.0
CNN,2018-07-23 12:20:06+00:00,"For 38 minutes, Tiger Woods made people believe his comeback was complete https://t.co/qJncIB4olv https://t.co/272Zt0MMSb",0.0,0.0,1.0,0.0
CNN,2018-07-23 12:16:02+00:00,JPMorgan Chase CEO Jamie Dimon is worried the economy's momentum could be derailed by President Trump's trade warsâ€¦ https://t.co/FxGEPVN1uR,-0.5574,0.213,0.787,0.0
CNN,2018-07-23 12:09:16+00:00,President Trump's 'hoax' tweet means the press has even more questions to ask | via @BrianStelterâ€¦ https://t.co/iPf34p847X,0.0,0.0,1.0,0.0
CNN,2018-07-23 11:56:00+00:00,"Itâ€™s like a real-life Iron Man. This flying suit was built using 3D printed parts, specialist electronics and fiveâ€¦ https://t.co/iZ1R3vLYnH",0.3612,0.0,0.878,0.122
CNN,2018-07-23 11:42:50+00:00,New airport scanners could mean you'll never have to remove items from luggage again https://t.co/7vC7RgqyPm https://t.co/JFwhHfogKU,0.0,0.0,1.0,0.0
CNN,2018-07-23 11:23:11+00:00,"Today's top business headlines with @ChristineRomans before the opening bell on Wall Street:

- Global stocks sinkâ€¦ https://t.co/OpV8QY4hsi",0.2023,0.0,0.899,0.101
CNN,2018-07-23 11:13:33+00:00,"5 things for Monday:

- Iran
- Branson boat tragedy
- Syria
- Toronto shooting
- Ride share livestreamsâ€¦ https://t.co/fs7fGSq8Jy",-0.4939,0.237,0.645,0.118
CNN,2018-07-23 11:08:09+00:00,A 15-year-old girl who was repeatedly raped by her brother has been imprisoned for six months for having an abortion https://t.co/oQ3B4fsLYg,-0.8225,0.297,0.703,0.0
CNN,2018-07-23 10:50:02+00:00,Uber and Lyft have suspended a driver following a report that he livestreamed passengers without their consentâ€¦ https://t.co/6K4Fog7fX9,-0.4767,0.171,0.829,0.0
CNN,2018-07-23 10:49:11+00:00,The top US military commander on the Korean peninsula says that even as the US and North Korea work on easing tensiâ€¦ https://t.co/EZ4GArWCWN,0.4215,0.0,0.847,0.153
CNN,2018-07-23 10:39:01+00:00,"President Trump launches furious all-caps rebuke of Iran, declaring on Twitter that any threats to the US would beâ€¦ https://t.co/vrFnCstlTk",-0.7579,0.265,0.735,0.0
CNN,2018-07-23 10:28:17+00:00,A man is in custody after allegedly fatally shooting a man and wounding another person at a Mormon church in Nevadaâ€¦ https://t.co/CsTjmkGAov,-0.6369,0.189,0.811,0.0
CNN,2018-07-23 10:24:19+00:00,Why the US and the EU need a trade ceasefire https://t.co/X9uAMVjKuP (via @CNNOpinion) https://t.co/BBgfDWSXjI,0.0,0.0,1.0,0.0
CNN,2018-07-23 10:12:38+00:00,UK police have arrested three more men in connection with a suspected acid attack on a three-year-old boy in the ciâ€¦ https://t.co/f7mcQvsZ9j,-0.7964,0.323,0.677,0.0
CNN,2018-07-23 10:12:16+00:00,"Democratic lawmaker calls for ""new generation"" of leadership in party https://t.co/MsjrqoFIrs https://t.co/rGk1QN6ffD",0.4019,0.0,0.803,0.197
CNN,2018-07-23 10:06:05+00:00,Americans would prefer picking their president with the popular vote -- but there's a catch https://t.co/AN57B9WGBs https://t.co/KRtDfebX7y,0.2263,0.0,0.888,0.112
CNN,2018-07-23 09:59:54+00:00,Three more men have been arrested in connection with a suspected acid attack on a three-year-old in the UK https://t.co/8DvjCfcutE,-0.7964,0.351,0.649,0.0
CNN,2018-07-23 09:52:02+00:00,Is a longer life necessarily a happier one? https://t.co/bXUMsvW1nY,0.5267,0.0,0.638,0.362
CNN,2018-07-23 09:44:19+00:00,"Should boys get the HPV vaccine, too? https://t.co/sdDIYQvGk3",0.0,0.0,1.0,0.0
CNN,2018-07-23 09:32:45+00:00,New airport scanners could mean you'll never have to remove items from luggage again https://t.co/Ee0Rahpjdl https://t.co/mKvGLI50CG,0.0,0.0,1.0,0.0
CNN,2018-07-23 09:21:48+00:00,Israel helps evacuate Syria's White Helmets to Jordan https://t.co/ES1UIA7GNm https://t.co/MmYErBCb66,0.3818,0.0,0.776,0.224
CNN,2018-07-23 09:11:07+00:00,A man who had a close relationship with suspected Russian spy Maria Butina is a political operative who left a traiâ€¦ https://t.co/5eTtDViJba,-0.2263,0.101,0.899,0.0
CNN,2018-07-23 09:03:03+00:00,"Tokyo 2020 introduces names of mascots for Olympic, Paralympic Games https://t.co/5aieiWe5q4 https://t.co/djkinvHCky",0.0,0.0,1.0,0.0
CNN,2018-07-23 08:56:06+00:00,"Storms, landslides and heat hit Asia https://t.co/EPiKMpiJ91 https://t.co/KPAAk29BI0",0.0,0.0,1.0,0.0
CNN,2018-07-23 08:50:07+00:00,Uber and Lyft have suspended a driver following a report that he livestreamed passengers on Twitch without their exâ€¦ https://t.co/csgNjJHV5x,-0.4767,0.154,0.846,0.0
CNN,2018-07-23 08:42:05+00:00,How the year 2006 changed the internet forever https://t.co/3412dzC7HQ https://t.co/NxeAzkNlZJ,0.0,0.0,1.0,0.0
CNN,2018-07-23 08:42:04+00:00,President Trump has tweeted that Iran will face â€˜consequences the like of which few throughout history have ever suâ€¦ https://t.co/1D8S917UW7,0.3612,0.0,0.884,0.116
CNN,2018-07-23 08:37:02+00:00,"What we know about the Missouri duck boat incident:

- One family lost nine members
- Victims weren't wearing lifeâ€¦ https://t.co/8930NCgUrY",-0.5574,0.213,0.787,0.0
CNN,2018-07-23 08:36:04+00:00,India scraps controversial tax on sanitary pads https://t.co/rsX7McbXAC https://t.co/7XuXuda5I7,-0.2023,0.184,0.816,0.0
CNN,2018-07-23 08:24:04+00:00,"Mesut Ozil says he ""will no longer be playing for Germany,"" citing criticism from the media and the German footballâ€¦ https://t.co/jr4OCxgL4Z",-0.5106,0.205,0.723,0.072
CNN,2018-07-23 08:15:03+00:00,Americans can legally download 3-D printed guns starting next month https://t.co/wTzbRm9NkK https://t.co/VfXtw1jqLf,0.1027,0.0,0.887,0.113
CNN,2018-07-23 08:11:03+00:00,"Into every generation a Slayer is born -- and now ""Buffy the Vampire Slayer"" is getting a reboot, with an African-Aâ€¦ https://t.co/Vaq7g2K7GV",0.0,0.0,1.0,0.0
CNN,2018-07-23 08:02:08+00:00,The 17 people who died in the duck boat tragedy last week in southwestern Missouri were not wearing life jackets whâ€¦ https://t.co/EwAqF1rY3t,-0.8402,0.286,0.714,0.0
CNN,2018-07-23 07:56:55+00:00,A group of women traveling on a train say they were called porn stars for going to the bathroom togetherâ€¦ https://t.co/1f3ZeFlH07,0.0,0.0,1.0,0.0
CNN,2018-07-23 07:55:03+00:00,A man is in custody after allegedly fatally shooting a man and wounding another person at a Mormon church in Nevada https://t.co/yxBGHWOshN,-0.6369,0.189,0.811,0.0
CNN,2018-07-23 07:49:06+00:00,"Thanks to an anonymous $3 million donation, the 30 students in the first class at the University of Houston's new mâ€¦ https://t.co/QgroodcrUS",0.4404,0.0,0.879,0.121
CNN,2018-07-23 07:42:05+00:00,16 of the worldâ€™s most relaxing places https://t.co/S3A2zFKyxX https://t.co/QNjSfDA60R,0.5413,0.0,0.696,0.304
CNN,2018-07-23 07:35:04+00:00,Adidas has committed to using only recycled plastic in its products by 2024 https://t.co/73cNNXZpXK https://t.co/9tLiUbf9Ae,0.2732,0.0,0.87,0.13
CNN,2018-07-23 07:32:03+00:00,"Toronto shooting | What we know

â€¢ One woman has been killed
â€¢ At least 13 others have been injured
â€¢ Among those iâ€¦ https://t.co/NjdVOpY9Hd",-0.802,0.275,0.725,0.0
CNN,2018-07-23 07:30:08+00:00,"ğŸŒ•ğŸŒ•ğŸŒ•ğŸŒ•ğŸŒ•ğŸŒ•
ğŸŒ•ğŸŒ•ğŸŒ•ğŸŒ•ğŸŒ•ğŸŒ•
12 new moons have been discovered around Jupiter, bringing the planet's total number of known moons tâ€¦ https://t.co/EVgAZDjgk3",0.0772,0.0,0.936,0.064
CNN,2018-07-23 07:24:39+00:00,"He just graduated from college and wants to be an astrophysicist. Oh, and he's 11 years old. https://t.co/nVLMOEhuTM https://t.co/YwRUXbljbT",0.0,0.0,1.0,0.0
CNN,2018-07-23 06:41:22+00:00,"North Korea wants the US to make a ""bold move"" and agree to a peace treaty with Pyongyang, according to an officialâ€¦ https://t.co/sSRmZSbnhi",0.8225,0.0,0.677,0.323
CNN,2018-07-23 06:30:06+00:00,"For the second month in a row, Time magazine has put a provocative photo illustration of President Trump on its covâ€¦ https://t.co/m7tQ3q4Xuc",0.0,0.0,1.0,0.0
CNN,2018-07-23 06:20:24+00:00,President Trump has tweeted that Iran will face â€˜consequences the like of which few throughout history have ever suâ€¦ https://t.co/SmiCC6LBL6,0.3612,0.0,0.884,0.116
CNN,2018-07-23 06:06:05+00:00,"Into every generation a Slayer is born -- and now ""Buffy the Vampire Slayer"" is getting a reboot, with an African-Aâ€¦ https://t.co/uKypTccUfn",0.0,0.0,1.0,0.0
CNN,2018-07-23 06:00:29+00:00,A group of women traveling on a train say they were called porn stars for going to the bathroom togetherâ€¦ https://t.co/v4GTwiJfIr,0.0,0.0,1.0,0.0
CNN,2018-07-23 06:00:00+00:00,"Airbus' massive Beluga XL ""flying whale"" just completed its first test flight. 

You probably won't get to fly in iâ€¦ https://t.co/ITV9NhxaDl",0.0,0.0,1.0,0.0
CNN,2018-07-23 05:49:06+00:00,"US Secretary of State Mike Pompeo has accused several members of Iran's leadership, including Supreme Leader Ayatolâ€¦ https://t.co/URJSFf8iMU",0.34,0.101,0.734,0.165
CNN,2018-07-23 05:34:02+00:00,A woman was killed and 13 others were injured in a shooting in Toronto on Sunday night -- police say the shooter isâ€¦ https://t.co/1nThbEVXnj,-0.802,0.265,0.735,0.0
CNN,2018-07-23 05:30:14+00:00,Americans can legally download 3-D printed guns starting next month https://t.co/0cE5QtFkiV https://t.co/uR5GpiAmUl,0.1027,0.0,0.887,0.113
CNN,2018-07-23 05:27:02+00:00,"Maria Butina, the recently indicted Russian national accused of being an agent of Russia, told the Senate Intelligeâ€¦ https://t.co/dGv8ophMf9",-0.296,0.109,0.891,0.0
CNN,2018-07-23 05:20:06+00:00,The 17 people who died in the duck boat tragedy last week in southwestern Missouri were not wearing life jackets whâ€¦ https://t.co/kFLOo7nvMi,-0.8402,0.286,0.714,0.0
CNN,2018-07-23 05:16:04+00:00,Uber and Lyft have suspended a driver following a report that he livestreamed passengers on Twitch without their exâ€¦ https://t.co/C9LEl1p8OV,-0.4767,0.154,0.846,0.0
CNN,2018-07-23 05:09:37+00:00,A man is in custody after allegedly fatally shooting a man and wounding another person at a Mormon church in Nevada https://t.co/OuTohQdkHC,-0.6369,0.189,0.811,0.0
CNN,2018-07-23 05:06:00+00:00,"Dozens of people have died across Japan in an ongoing heatwave, with temperatures reaching around 38 degrees Celsiuâ€¦ https://t.co/2l4BAU1zv7",-0.4215,0.161,0.759,0.08
CNN,2018-07-23 05:00:00+00:00,A wave of garbage was filmed rippling off the coast of the Dominican Republic. An environmental group is working wiâ€¦ https://t.co/HydcPPv4xc,0.0,0.0,1.0,0.0
CNN,2018-07-23 04:35:20+00:00,"Mesut Ozil says he ""will no longer be playing for Germany,"" citing criticism from the media and the German footballâ€¦ https://t.co/ico5Macl4b",-0.5106,0.205,0.723,0.072
CNN,2018-07-23 04:30:59+00:00,President Trump has tweeted that Iran will face â€˜consequences the like of which few throughout history have ever suâ€¦ https://t.co/HdS3yEFbUi,0.3612,0.0,0.884,0.116
CNN,2018-07-23 04:30:00+00:00,"France's Kylian Mbappe is donating his #WorldCup winnings to a charity in his hometown, a low-income suburb on theâ€¦ https://t.co/PJfOLaZimn",0.743,0.0,0.717,0.283
CNN,2018-07-23 04:00:00+00:00,"Goldman Sachs' next CEO, David Solomon, also moonlights as an electronic dance DJ.

His stage name is DJ D-Sol.â€¦ https://t.co/gxzpaay91C",0.0,0.0,1.0,0.0
CNN,2018-07-23 03:30:00+00:00,The CEO of a moving company gave his own personal SUV to an employee when he found out the young man walked 20 mileâ€¦ https://t.co/vtp7SmpA1w,0.0,0.0,1.0,0.0
CNN,2018-07-23 03:00:14+00:00,Adidas has committed to using only recycled plastic in its products by 2024 https://t.co/eORrpnB4xT https://t.co/GwRNvj6EXM,0.2732,0.0,0.87,0.13
CNN,2018-07-23 02:30:06+00:00,"GOP Sen. Marco Rubio: ""I don't think (the FBI) did anything wrong"" in surveilling Carter Page #CNNSOTUâ€¦ https://t.co/USTdiFEnq5",-0.4767,0.154,0.846,0.0
CNN,2018-07-23 02:00:10+00:00,"Thanks to an anonymous $3 million donation, the 30 students in the first class at the University of Houston's new mâ€¦ https://t.co/vYPQKq3xyT",0.4404,0.0,0.879,0.121
CNN,2018-07-23 01:30:06+00:00,"ğŸŒ•ğŸŒ•ğŸŒ•ğŸŒ•ğŸŒ•ğŸŒ•
ğŸŒ•ğŸŒ•ğŸŒ•ğŸŒ•ğŸŒ•ğŸŒ•
12 new moons have been discovered around Jupiter, bringing the planet's total number of known moons tâ€¦ https://t.co/Ugv9GV9ak0",0.0772,0.0,0.936,0.064
CNN,2018-07-23 01:00:15+00:00,The GOP has one big problem in November https://t.co/236t6ktmCx (via @CNNOpinion) https://t.co/XhfzKhHW5S,-0.4019,0.197,0.803,0.0
CNN,2018-07-23 00:30:12+00:00,"Democratic lawmaker calls for ""new generation"" of leadership in party https://t.co/v6dX0VMbTo https://t.co/FzMSwmZvbd",0.4019,0.0,0.803,0.197
CNN,2018-07-23 00:15:04+00:00,Mothers and other family members of detained opponents of Nicaraguan President Daniel Ortega fled to the cathedralâ€¦ https://t.co/S7uvb3wZeH,-0.4019,0.137,0.863,0.0
CNN,2018-07-23 00:00:17+00:00,The top US military commander on the Korean peninsula says that even as the US and North Korea work on easing tensiâ€¦ https://t.co/VyHSg0ZGkh,0.4215,0.0,0.847,0.153
CNN,2018-07-22 23:45:03+00:00,What's happening this week https://t.co/qfQG0K2wA6 https://t.co/4cd3rMF78s,0.0,0.0,1.0,0.0
CNN,2018-07-22 23:30:10+00:00,"Is President Trump a danger â€” or just ""incompetent"" and a ""buffoon?"" https://t.co/bg8020Rg6i (via @CNNOpinion) https://t.co/Zd7ZvLfeRa",-0.5267,0.221,0.779,0.0
CNN,2018-07-22 23:15:05+00:00,Alleged spy told Senate panel about backing from Russian billionaire https://t.co/s6AhiKG0EN https://t.co/Cq91DZe0pc,0.0258,0.0,0.909,0.091
CNN,2018-07-22 23:00:14+00:00,"""Buffy the Vampire Slayer"" reboot to feature African-American lead https://t.co/WxEXAIvVgu https://t.co/lfYQnN1kXx",0.0,0.0,1.0,0.0
CNN,2018-07-22 22:45:04+00:00,Why the US and the EU need a trade ceasefire https://t.co/12TLbvVRaA (via @CNNOpinion) https://t.co/I7aAHpzRTz,0.0,0.0,1.0,0.0
CNN,2018-07-22 22:30:12+00:00,How long will special counsel Robert Mueller's investigation into Russia's interference in the 2016 presidential elâ€¦ https://t.co/L3n1KqRTHC,0.4019,0.0,0.856,0.144
CNN,2018-07-22 22:15:06+00:00,11 taxi drivers killed in a taxi bus while heading back from a funeral in South Africa https://t.co/L8M12ag2Yd https://t.co/r3VhnW6AVX,-0.7906,0.318,0.682,0.0
CNN,2018-07-22 22:00:06+00:00,"Storms, landslides and heat hit Asia https://t.co/pN08FLc0zr https://t.co/V8DdFNhbzk",0.0,0.0,1.0,0.0
CNN,2018-07-22 21:45:09+00:00,"Democratic National Committee Chair Tom Perez slams ""Distracting Donald"" for focusing on the hacked DNC email serveâ€¦ https://t.co/f7clI4WkKD",-0.5994,0.234,0.766,0.0
CNN,2018-07-22 21:30:12+00:00,Lewis Hamilton retakes F1 title lead after astonishing German Grand Prix victory https://t.co/LstlCaYWKj https://t.co/iVAosLHz1r,0.4588,0.0,0.812,0.188
CNN,2018-07-22 21:15:05+00:00,Are we sliding back to the chaos of the 1930s? https://t.co/whA2sbEilW | Analysis by Tim Lister https://t.co/HmEYB8jiJ2,-0.5719,0.198,0.802,0.0
CNN,2018-07-22 21:00:09+00:00,Israel helps evacuate Syria's White Helmets to Jordan https://t.co/zK3BMs4a4g https://t.co/9eZBGePxTk,0.3818,0.0,0.776,0.224
CNN,2018-07-22 20:45:04+00:00,Black Ferns beat France to win women's Rugby World Cup Sevens https://t.co/dwpCLZLIah https://t.co/ADR74cLauO,0.5859,0.0,0.759,0.241
CNN,2018-07-22 20:30:09+00:00,"Iranian President Hassan Rouhani warns US that ""war with Iran is the mother of all wars"" https://t.co/wQBnl18HZ6 https://t.co/h0idguxasR",-0.836,0.372,0.628,0.0
CNN,2018-07-22 20:15:09+00:00,"He just graduated from college and wants to be an astrophysicist. Oh, and he's 11 years old. https://t.co/MgQPBen5HH https://t.co/ThTQFLSy8d",0.0,0.0,1.0,0.0
CNN,2018-07-22 19:45:08+00:00,"While Montenegro's history isn't perfect, my country isn't ""very aggressive"" â€” as President Trump stated â€” and needâ€¦ https://t.co/smydMnxJb3",-0.3264,0.153,0.763,0.084
CNN,2018-07-22 19:30:10+00:00,"Tokyo 2020 introduces names of mascots for Olympic, Paralympic Games https://t.co/lZDiPbA9bZ https://t.co/jGUkeK5E2E",0.0,0.0,1.0,0.0
CNN,2018-07-22 19:15:07+00:00,"I was once a 21-year-old waitress like Emelia Holden from Savannah, Georgia, writes Alice Driver for @CNNOpinion. Hâ€¦ https://t.co/JXIkFxPUbF",0.3612,0.0,0.865,0.135
CNN,2018-07-22 19:00:13+00:00,Republican Rep. Trey Gowdy calls on President Trump to affirm wholeheartedly the intelligence community's conclusioâ€¦ https://t.co/AlaLyrLm35,0.4767,0.0,0.829,0.171
CNN,2018-07-22 18:43:05+00:00,What does freedom mean to you? Explore what the fall of Saddam Hussein's regime meant for Iraq and the world inâ€¦ https://t.co/bYZhy546iw,0.6369,0.0,0.833,0.167
fox,2018-07-19 22:21:10+00:00,One of the reasons Iâ€™m so excited to be a part of @helpscout is the commitment to building an inclusive culture witâ€¦ https://t.co/6H6GDJ1TON,0.6924,0.0,0.778,0.222
fox,2018-07-11 21:30:06+00:00,More Boston snaps. https://t.co/NCcWPSV8yX,0.0,0.0,1.0,0.0
fox,2018-07-09 23:35:49+00:00,"RT @helpscout: Said it once, we'll keep saying it: we are thrilled to add you to the team @fox! ğŸ¦Š https://t.co/bKc6GSq6tR",0.4926,0.0,0.868,0.132
fox,2018-07-09 20:12:02+00:00,"@mattopsahl lol, offensive",-0.0516,0.441,0.147,0.412
fox,2018-07-09 19:43:29+00:00,"@tompedals yay, hello, hi! ğŸ‘‹ğŸ»",0.784,0.0,0.504,0.496
fox,2018-07-09 19:43:13+00:00,"@madalynrose thanks, Madalyn. ğŸ’–",0.6249,0.0,0.37,0.63
fox,2018-07-09 19:43:04+00:00,"@andymcmillan weee, thank you!!",0.4738,0.0,0.493,0.507
fox,2018-07-09 19:42:56+00:00,@jennwrites ğŸ’–ğŸ’–ğŸ’–,0.0,0.0,1.0,0.0
fox,2018-07-09 19:42:42+00:00,@paulozoom thank you! it is awesome :),0.8718,0.0,0.288,0.712
fox,2018-07-09 19:42:27+00:00,@brianloveswords thank you ğŸ™‡ğŸ»â€â™€ï¸,0.3612,0.0,0.737,0.263
fox,2018-07-09 19:42:10+00:00,"@patrickhamann thanks, Patrick! ğŸ’–",0.6588,0.0,0.357,0.643
fox,2018-07-09 19:41:56+00:00,@lynnandtonic thank you and I will miss you!,0.2942,0.17,0.532,0.297
fox,2018-07-09 17:17:20+00:00,"@patrickbjohnson nah, only here for a week. travelling alone so donâ€™t want to make it a very long trip (hashtag anxâ€¦ https://t.co/sdzeg7AUmr",-0.2075,0.155,0.773,0.072
fox,2018-07-09 17:06:00+00:00,"@lrnrd thanks, bb ğŸ’–",0.6249,0.0,0.37,0.63
fox,2018-07-09 13:04:47+00:00,"@jstn Oh yeah, Coava, Stumptown and Good Coffee are my long standing favs!",0.6588,0.0,0.671,0.329
fox,2018-07-09 13:00:00+00:00,"Iâ€™m so spoiled by Melbourne standards I literally cannot drink this liquid that was just served to me as coffee

ğŸ˜‚ğŸ’€",0.0,0.0,1.0,0.0
fox,2018-07-09 12:42:20+00:00,"Iâ€™m excited to share that today is my first day at @helpscout as a front-end engineer on the design team, which isâ€¦ https://t.co/LrW8L2lBcq",0.5574,0.0,0.813,0.187
fox,2018-07-09 08:03:22+00:00,"Here lies Karolina, defeated by jetlag after mere three hours of sleep.",-0.7096,0.371,0.629,0.0
fox,2018-07-08 19:48:49+00:00,@andrewvijay Everywhere to be honest. That particular one was in the US. That mostly doesnâ€™t happen in Australia.,0.5106,0.0,0.837,0.163
fox,2018-07-08 19:48:11+00:00,@mctrebo Boston,0.0,0.0,1.0,0.0
fox,2018-07-08 19:45:15+00:00,"@LukesBeard Itâ€™s the most annoying thing that all social media, including Instagram, butchers the quality of photosâ€¦ https://t.co/7y8A7IuLcT",-0.4576,0.15,0.85,0.0
fox,2018-07-08 19:06:16+00:00,"â€œPerksâ€ of traveling alone as a woman: being called â€œhoneyâ€ in all restaurants/stores, being grabbed by the arm byâ€¦ https://t.co/ziCifcCI2x",-0.25,0.1,0.9,0.0
fox,2018-07-08 17:39:19+00:00,@mattopsahl Oh! I did go to the Boston Common and Public Garden :) will check it out!,0.555,0.0,0.807,0.193
fox,2018-07-08 17:37:47+00:00,@amyngyn tbh I specifically look for â€œhealthyâ€ recipes because I donâ€™t want all of the sugar / butter / cream in myâ€¦ https://t.co/tEki0zBt8v,0.0772,0.0,0.933,0.067
fox,2018-07-08 17:34:51+00:00,"Horribly jet lagged and battling anxiety, but Boston sure is pretty. â¤ï¸ https://t.co/IYfWZjvqLe",0.5499,0.305,0.364,0.33
fox,2018-07-07 15:23:42+00:00,@jilljubs Omg me too but Iâ€™m also afraid,0.0,0.0,1.0,0.0
fox,2018-07-06 23:22:17+00:00,"Excited to be going to @xoxo this year with @benschwarz! Portland holds a dear place in my heart. 

Canâ€™t wait to câ€¦ https://t.co/7s7h3Ti8sp",0.6476,0.0,0.791,0.209
fox,2018-07-06 23:06:03+00:00,MEL âœˆï¸ LAX âœˆï¸ BOS,0.0,0.0,1.0,0.0
fox,2018-07-05 07:54:19+00:00,"@LJKenward @LukeMesiti You both will do great, Iâ€™ll be cheering you from a transatlantic flight. ğŸ’ğŸ˜‡",0.8126,0.0,0.637,0.363
fox,2018-07-05 00:18:14+00:00,Jeremy was one of our @cssconfau speakers this year and I cannot recommend him more as a developer with a deep passâ€¦ https://t.co/nHFHIPQXtM,-0.2755,0.1,0.9,0.0
fox,2018-07-04 00:40:38+00:00,RT @KD: Serena Williams has been drug tested more than all the top five American male athletes and 2x more than top American female athleteâ€¦,0.3818,0.0,0.865,0.135
fox,2018-07-04 00:15:15+00:00,Great post with actionable advice on user protection in hostile states. https://t.co/LKkLVIx3J4,0.3612,0.156,0.599,0.246
fox,2018-07-04 00:11:33+00:00,"@stewartsc hahaha, canâ€™t make this more perfect, really.",0.8221,0.0,0.441,0.559
fox,2018-07-04 00:09:55+00:00,"@Stammy Thatâ€™s super comprehensive, thank you for sharing!",0.8883,0.0,0.258,0.742
fox,2018-07-04 00:08:19+00:00,"@TimHaines people like that never want to understand, he conveniently blocked all women pointing his wrongness outâ€¦ https://t.co/cCe4XNNzfh",0.0459,0.16,0.72,0.12
fox,2018-07-03 23:57:36+00:00,"RT @sarahmei: The biggest barrier to entry in software for non-white-men has never been credentials or knowledge or even experience. 

Itâ€™sâ€¦",-0.128,0.07,0.93,0.0
fox,2018-07-03 09:45:32+00:00,"And hereâ€™s the tweet for posterity. Also, if you had any doubts, the author is fine conversing with other men and qâ€¦ https://t.co/ek0D1YV8We",-0.1027,0.088,0.84,0.072
fox,2018-07-03 09:44:18+00:00,"@karmel80 lol, I canâ€™t even",0.4215,0.0,0.517,0.483
fox,2018-07-03 09:06:17+00:00,@Firesphere Sorry but I donâ€™t want to engage on twitter in that way anymore.,0.5267,0.073,0.637,0.29
fox,2018-07-03 09:03:13+00:00,In case you have any doubts the dude already blocked me because thatâ€™s how privilege deals with anythingâ€™s thatâ€™s uncomfortable. âœŒï¸ğŸ˜,-0.5267,0.261,0.644,0.095
fox,2018-07-03 08:32:36+00:00,"A lesson to learn here is that if you choose to look away and ignore oppression, IT WILL BE MAGNIFIED BY YOUR COMPLâ€¦ https://t.co/7yNNGSa6LW",-0.3612,0.102,0.898,0.0
fox,2018-07-03 08:28:42+00:00,"Additionally, using â€sexy industryâ€ to describe tech is just another example of sexualisation that women will contiâ€¦ https://t.co/rFgRgfZR7f",0.0,0.0,1.0,0.0
fox,2018-07-03 08:27:09+00:00,"He could just really look at his own employer, Uber, to learn about the inclusion and moral crisis that tech is curâ€¦ https://t.co/I3W252jNqe",-0.6249,0.157,0.843,0.0
fox,2018-07-03 08:24:21+00:00,"Iâ€™m not going any further, because the evidence is there for those who are willing to look for it instead of tryingâ€¦ https://t.co/gmd1QdIfJE",0.0,0.0,1.0,0.0
fox,2018-07-03 08:22:45+00:00,"A good place to start would be to familiarise yourself w/the @KaporCenter Tech Leavers study, portraying why peopleâ€¦ https://t.co/McD9ZnlGXf",0.4404,0.0,0.854,0.146
fox,2018-07-03 08:20:22+00:00,"The sheer ignorance of white male privilege portrayed in this tweet is a reason why there arenâ€™t more people, especâ€¦ https://t.co/BVSYqzUU0a",0.0,0.109,0.783,0.109
fox,2018-07-03 08:05:37+00:00,"@patriciarealini The echo chamber of white dudes seeing tech as easy runs deep, especially at Uber lol",0.7397,0.0,0.706,0.294
fox,2018-07-03 04:49:02+00:00,"RT @KimCrayton1: â€œWe need to destigmatize how we view and talk about privilege, and one of the best ways to do so is to raise awareness.â€œ #â€¦",0.7717,0.0,0.789,0.211
fox,2018-07-03 04:32:54+00:00,We cannot succeed at making the Web thatâ€™s welcoming towards everyone if the platform is built by the few with enouâ€¦ https://t.co/scB1iuvgaJ,0.0701,0.103,0.783,0.114
fox,2018-07-03 04:32:32+00:00,"RT @Kolor_Koded_101: If you don't understand why more folks don't consider careers in tech despite ""low"" barriers to entry, great pay and bâ€¦",0.5719,0.053,0.792,0.155
fox,2018-07-03 04:32:19+00:00,"RT @missydepino: Important facts for white allies:

If you are white, 93% of your social network is white. 

White social media users onlyâ€¦",0.2023,0.0,0.924,0.076
fox,2018-07-03 03:20:06+00:00,RT @MelissaStetten: The University of Well Actually. https://t.co/nZ5NuXiVRn,0.2732,0.0,0.769,0.231
fox,2018-07-03 02:32:06+00:00,I strongly recommend reading the recent State of Black America report that highlights disparities in White-Black anâ€¦ https://t.co/xPMjqauW2e,0.5574,0.0,0.765,0.235
fox,2018-07-03 02:24:43+00:00,Doing legitimate research for my talk about tech ethics. https://t.co/TDWpxWVyU4,0.0,0.0,1.0,0.0
fox,2018-07-03 01:37:12+00:00,"@bradleyfields awesome! Thatâ€™s great to hear. Iâ€™d mostly use it for writing and reading, maybe some presentations iâ€¦ https://t.co/8lw5cJJ5dC",0.8588,0.0,0.667,0.333
fox,2018-07-03 01:30:46+00:00,Developer Twitter in a nutshell. https://t.co/bViM2EWxTv,0.0,0.0,1.0,0.0
fox,2018-07-03 01:27:13+00:00,"@glenngillen yeah, I wouldnâ€™t use it for work. I have a personal iMac, will have a work MacBook so want this mostlyâ€¦ https://t.co/1DpI2lNqf1",0.4481,0.0,0.812,0.188
fox,2018-07-03 01:18:36+00:00,Iâ€™m considering getting rid of my Macbook and using an iPad Pro for writing + travel (mostly non-work related). Ifâ€¦ https://t.co/ioOtzJxM2V,0.0,0.0,1.0,0.0
fox,2018-07-02 23:18:55+00:00,".@mylifeasalllly has spoken at @cssconfau 2016, and I strongly recommend you hire her if youâ€™re looking for a frontâ€¦ https://t.co/RSUDyoP7h4",0.5574,0.0,0.777,0.223
fox,2018-07-02 23:15:52+00:00,"@LukesBeard omg, these are so great! also, love her outfit ğŸ˜",0.9325,0.0,0.458,0.542
fox,2018-07-02 23:10:08+00:00,"@soniagupta504 ğŸ¤¦ğŸ»â€â™€ï¸ğŸ˜¡

I donâ€™t know how not to be ashamed for whiteness anymore, to be honest.",0.7054,0.0,0.69,0.31
fox,2018-07-02 06:58:47+00:00,"RT @DelilahSDawson: Twitter, 2009: You followed me? Wow! I'll follow you, too! We'll be buddies! In the trenches! Hey, that lady said a smaâ€¦",0.7156,0.0,0.816,0.184
fox,2018-07-02 06:33:24+00:00,"@Mandy_Kerr @kylietimpani please tell me how to have a great time at the airport, I will be needing this advice soon ğŸ˜‚",0.8519,0.059,0.623,0.318
fox,2018-07-02 06:30:21+00:00,Humans author software and design with conscious and unknown biases baked in. Their prejudice and lack of educationâ€¦ https://t.co/sr8nCyi5WX,-0.6808,0.248,0.752,0.0
fox,2018-07-02 05:13:27+00:00,RT @ICSandwichGuy: https://t.co/n6lOb7f6g8,0.0,0.0,1.0,0.0
fox,2018-07-02 02:51:31+00:00,The European Group on Ethics in Science and New Technologies has been publishing reports on ethics since the earlyâ€¦ https://t.co/F24DhJdhVT,0.0,0.0,1.0,0.0
fox,2018-07-02 02:47:28+00:00,"Ethical principles for technology:

â†’ Human dignity
â†’ Autonomy
â†’ Responsibility
â†’ Justice, equity, &amp; solidarity
â†’ Dâ€¦ https://t.co/NaXjoluxhv",0.891,0.0,0.463,0.537
fox,2018-07-02 02:11:12+00:00,"@omosolatweets ğŸ˜¡ğŸ˜¡ğŸ˜¡

This makes me very angry. Shared!",-0.2975,0.309,0.478,0.213
fox,2018-07-02 02:10:35+00:00,"What the living hell @TOABerlin? 

Do you sell photos of your attendees and/or allow press to use them however theyâ€¦ https://t.co/YkEMfHlZUE",-0.5719,0.18,0.745,0.075
fox,2018-07-02 02:04:16+00:00,@meelijane ğŸ˜¡,0.0,0.0,1.0,0.0
fox,2018-07-02 02:04:04+00:00,RT @omosolatweets: It recently came to my attention that an image of myself &amp; three other female attendees from a break during the @TOABerlâ€¦,0.0,0.0,1.0,0.0
fox,2018-07-01 22:52:03+00:00,"@Mandy_Kerr Thank you, Mandy. ğŸ˜‡ğŸ’",0.3612,0.0,0.615,0.385
fox,2018-06-30 11:22:36+00:00,"All white people should watch W. Kamau Bellâ€™s newest stand up, â€œPrivate School Negroâ€ immediately.

https://t.co/nzCFNCj5Kh",0.0,0.0,1.0,0.0
fox,2018-06-30 08:19:58+00:00,"These are only a few things I do on a daily basis. 

If youâ€™re a man, consider how women perpetually live in fear aâ€¦ https://t.co/Kmhe4XISP2",-0.4939,0.138,0.862,0.0
fox,2018-06-30 08:18:20+00:00,"8) when I canâ€™t avoid confrontation, Iâ€™m polite and try to find excuses to not give them what they want (eg a phoneâ€¦ https://t.co/iJX8dOQawo",-0.0772,0.169,0.674,0.157
fox,2018-06-30 08:09:27+00:00,5) when I sense someone creepily following me I donâ€™t engage. I walk faster with my phone out and look for other peâ€¦ https://t.co/dPqzY7bpld,0.34,0.0,0.893,0.107
fox,2018-06-30 08:07:33+00:00,"1) I donâ€™t walk with headphones on after dark.
2) I donâ€™t choose badly lit side streets; I stick to main roads withâ€¦ https://t.co/VrJV74cCtB",-0.4767,0.134,0.866,0.0
fox,2018-06-30 08:04:10+00:00,"I had a conversation with a few women about perosnal safety recently and we, sadly, pretty much shared the same strâ€¦ https://t.co/sU41H06OqF",0.6808,0.107,0.573,0.321
fox,2018-06-30 08:01:57+00:00,@janeruffino Mental illness has become a free getaway card for violent white men. It also stigmatizes mental healthâ€¦ https://t.co/exEW21yI3f,-0.5106,0.265,0.602,0.133
fox,2018-06-30 04:43:58+00:00,"If Silicon Valley diversity and inclusion initiatives are achieving any results, itâ€™s sadly mostly affecting only wâ€¦ https://t.co/qQZAzUarvu",-0.4215,0.141,0.859,0.0
fox,2018-06-30 04:41:52+00:00,@linzlovesyou ğŸ¤¦ğŸ»â€â™€ï¸ no no no no,-0.7783,0.595,0.405,0.0
fox,2018-06-30 04:34:22+00:00,RT @rightsagenda: Watch our @DanielHRLC's address to the UN Human Rights Council last night about the Turnbull Government's deliberate destâ€¦,0.0,0.0,1.0,0.0
fox,2018-06-30 04:31:26+00:00,@kylietimpani I feel so seen,0.0,0.0,1.0,0.0
fox,2018-06-30 02:11:57+00:00,"â€Surveillance is not only a means of watching or tracking, it is also a mechanism for social sorting.â€

 â€”Virgina Eâ€¦ https://t.co/INEmQdekvg",0.0,0.0,1.0,0.0
fox,2018-06-30 02:01:27+00:00,"@Gemma_Stiles thank you, Gemma! thatâ€™s very kind. ğŸ’–",0.8386,0.0,0.401,0.599
fox,2018-06-30 02:01:05+00:00,"@corywheeler1 @jesslynnrose @samhouston thank you, yâ€™all ğŸ˜‡ ğŸ’",0.6705,0.0,0.621,0.379
fox,2018-06-30 00:57:09+00:00,"One of the things that annoy the living hell out of me in SaaS is:

1) not sending monthly invoices via email
2) châ€¦ https://t.co/B3JmezlHoE",-0.8176,0.246,0.754,0.0
fox,2018-06-29 23:54:44+00:00,"I really love how @Xero rubs it in by charging for an additional month even after cancellation.

Horrifying serviceâ€¦ https://t.co/NTkwQGZSHi",0.2006,0.147,0.675,0.178
fox,2018-06-29 23:52:30+00:00,"The perpetuation of drinking in the tech industry, especially in professional settings like offices, meetups and coâ€¦ https://t.co/F1WptRlAaS",0.3612,0.0,0.872,0.128
fox,2018-06-29 05:26:19+00:00,"ğŸ‘©ğŸ»â€ğŸ“Â More talk research: 

What prevents you from building ethical products and companies? 
What would empower youâ€¦ https://t.co/SzZNgJXz6g",0.5574,0.0,0.813,0.187
fox,2018-06-29 05:10:55+00:00,Iâ€™ll be making it over to Perth in August to keynote @DDDPerth and talk about building a welcoming Web for everyoneâ€¦ https://t.co/Y6BFKG7weE,0.4404,0.0,0.873,0.127
fox,2018-06-28 23:10:43+00:00,RT @notwaldorf: I made a music sequencer! In JavaScript! It even uses Machine Learning to try to match drums to a synth melody you create!â€¦,0.0,0.0,1.0,0.0
fox,2018-06-28 22:31:19+00:00,"RT @anitasarkeesian: ""they're just words""
""you can't take a joke""
""you're just making it up""
""it's just boys being boys""
""it's just the wayâ€¦",-0.2235,0.079,0.921,0.0
fox,2018-06-28 04:47:58+00:00,"Nowadays, the most significant performance wins for perceived speed, and user experience lay in web fonts and JavaSâ€¦ https://t.co/xtHruZgFnm",0.7233,0.0,0.737,0.263
fox,2018-06-28 00:53:02+00:00,"@mor10 Thank you for the recommendations! I have few others on my list as well, but didnâ€™t manage to read 10+ books for one talk. ğŸ˜…",0.7043,0.0,0.785,0.215
fox,2018-06-27 06:19:59+00:00,"@eleanorstrib Agree! The whole soft skill argument is bullshit. I had philosophy, ethics and sociology and Iâ€™m realâ€¦ https://t.co/Qjg7ROz2vW",-0.6239,0.274,0.623,0.104
fox,2018-06-27 03:21:04+00:00,World biggest data breaches visualised. https://t.co/v9cvF7xXih,0.0,0.0,1.0,0.0
fox,2018-06-27 02:06:38+00:00,@CatherineFlick Agree! The materials date way back to the 70s and 80s. Itâ€™s saddening only now people realise the iâ€¦ https://t.co/g7izwFtlHq,-0.2481,0.14,0.76,0.1
fox,2018-06-27 02:02:51+00:00,"I would also urge to read the following books by @sara_ann_marie, @PopTechWorks, @safiyanoble and @mathbabedotorg aâ€¦ https://t.co/M3MEp2hf2H",0.0,0.0,1.0,0.0
fox,2018-06-27 01:55:07+00:00,One of the resources I would recommend is @datasocietyâ€™s research. https://t.co/iggP6iabre,0.3612,0.0,0.783,0.217
nytimes,2018-07-23 14:00:13+00:00,"In a series of wince-inducing scenes, Sacha Baron Cohen got a a Republican Georgia lawmaker to yell a racial epitheâ€¦ https://t.co/mQOgGepPzm",0.0,0.0,1.0,0.0
nytimes,2018-07-23 13:52:25+00:00,"Itâ€™s been a year since the rollout of a subway rescue plan, but on-time rates remain at the worst level since the 1â€¦ https://t.co/uiWiwEeTwy",-0.6705,0.203,0.719,0.077
nytimes,2018-07-23 13:45:07+00:00,"Who was Jane Roe in Roe v. Wade? Today, The Daily breaks down the history and legacy of the landmark Supreme Courtâ€¦ https://t.co/qjbU43x4AR",0.5994,0.0,0.811,0.189
nytimes,2018-07-23 13:37:08+00:00,"""This is an attack against innocent families and our entire city,"" said John Tory, the mayor of Toronto https://t.co/jRZtNsl4em",-0.1779,0.138,0.756,0.107
nytimes,2018-07-23 13:30:13+00:00,Pakistanis will transfer power from one civilian government to another for only the second time in the nationâ€™s 70-â€¦ https://t.co/LPDDYujSet,0.0,0.0,1.0,0.0
nytimes,2018-07-23 13:23:06+00:00,Morning briefing: Here's what you need to know to start your day https://t.co/mTLprIt5Zu,0.0,0.0,1.0,0.0
nytimes,2018-07-23 13:15:06+00:00,"Remarkably, 5 states are holding ballot measures to fight gerrymandering in a single year; only 5 had taken them upâ€¦ https://t.co/2gsS6LWirs",-0.3818,0.133,0.867,0.0
nytimes,2018-07-23 13:00:30+00:00,A study found that volunteering for â€œnonpromotable tasksâ€ at the office can shift your career into reverse. And theâ€¦ https://t.co/ejbN8heP8y,0.0,0.0,1.0,0.0
nytimes,2018-07-23 12:44:03+00:00,In case you were wondering what it's like to play the younger version of Meryl Streep in a movie... https://t.co/wnRBauQB5o,0.5994,0.0,0.776,0.224
nytimes,2018-07-23 12:16:01+00:00,A frequent refrain: Why are tampons taxed when Viagra is not? https://t.co/kaSPgjvjM2,0.0,0.0,1.0,0.0
nytimes,2018-07-23 11:47:14+00:00,"Nike says its $250 running shoes make you run faster. We analyzed 500,000 races, and it may actually be true. https://t.co/wklvWFd0QI",0.4215,0.0,0.877,0.123
nytimes,2018-07-23 11:30:06+00:00,Documents released over the weekend plainly demonstrated that key elements of Republicans' claims about the FBI's sâ€¦ https://t.co/mQDHoMC13G,0.0,0.0,1.0,0.0
nytimes,2018-07-23 11:17:02+00:00,An Uber and Lyft driver recorded and live-streamed his passengers' conversations without their knowledge https://t.co/jHB479UhzJ,0.0,0.0,1.0,0.0
nytimes,2018-07-23 10:51:25+00:00,End Iranâ€™s Gender Apartheid Now https://t.co/yjgr7SFKKL,0.0,0.0,1.0,0.0
nytimes,2018-07-23 10:45:03+00:00,One man shot and killed another in Florida during an argument over a parking space. He won't be arrested or chargedâ€¦ https://t.co/ZaGw3UwjAr,-0.6647,0.254,0.653,0.093
nytimes,2018-07-23 10:29:07+00:00,"In the United States, activists are bringing the concept of â€œmenstrual equityâ€ into the public debate https://t.co/ixx5gHlvob",0.4215,0.0,0.851,0.149
nytimes,2018-07-23 10:14:03+00:00,"""I think the Endangered Species Act is endangered,"" said the director of the Union of Concerned Scientists. ""They hâ€¦ https://t.co/nIG04Nt9Kj",0.0,0.0,1.0,0.0
nytimes,2018-07-23 10:00:16+00:00,Chinese parents were in an uproar on Monday amid reports that hundreds of thousands of children might have been injâ€¦ https://t.co/jXNDtBhxRU,0.0,0.0,1.0,0.0
nytimes,2018-07-23 09:45:07+00:00,Negotiations to ease an escalating trade war between the United States and the rest of the world sputtered to a cloâ€¦ https://t.co/kWRgUn3zI8,0.1027,0.143,0.662,0.195
nytimes,2018-07-23 09:30:02+00:00,"The waitress who took down the man who groped her said that the episode led people to reach out, including women whâ€¦ https://t.co/SdsnbqV71N",0.0258,0.0,0.952,0.048
nytimes,2018-07-23 09:15:03+00:00,"""My whole thing is respect,"" the waitress said. ""As long as you respect me, I'm going to respect you.""
 https://t.co/eb88CPVQLW",0.7351,0.0,0.744,0.256
nytimes,2018-07-23 09:00:02+00:00,"When a majority demographic group believes it could become a minority, members of that group often become less suppâ€¦ https://t.co/cvSXLIjfA1",0.0,0.0,1.0,0.0
nytimes,2018-07-23 08:46:02+00:00,RT @nytimesworld: European officials are now admitting that Portugal may have found a better response to the crisis than austerity https://â€¦,-0.296,0.164,0.72,0.116
nytimes,2018-07-23 08:31:05+00:00,"President Trump threatened Iran after the country's president, Hassan Rouhani, warned of a confrontation that wouldâ€¦ https://t.co/0lAtVeb5GD",-0.7506,0.363,0.637,0.0
nytimes,2018-07-23 08:15:03+00:00,RT @nytimesworld: A minibus full of taxi drivers became the latest victim of South Africa's bloody taxi battles. The drivers had been returâ€¦,-0.765,0.286,0.714,0.0
nytimes,2018-07-23 08:00:02+00:00,"""This is an attack against innocent families and our entire city,"" said John Tory, the mayor of Toronto https://t.co/5ylegNXmfq",-0.1779,0.138,0.756,0.107
nytimes,2018-07-23 07:44:07+00:00,"Jared Kushner and his partner in Middle East peacemaking, Jason Greenblatt, are rethinking their efforts to rebuildâ€¦ https://t.co/mlwUJ9fw8K",0.4019,0.0,0.863,0.137
nytimes,2018-07-23 07:20:58+00:00,How one of the worldâ€™s great Champagne brands prepared for climate change https://t.co/2qDy0yEWIx,0.802,0.0,0.549,0.451
nytimes,2018-07-23 07:04:41+00:00,Hate Making Financial Decisions? Try This https://t.co/5WbNi89CEj,-0.5719,0.381,0.619,0.0
nytimes,2018-07-23 06:54:06+00:00,"""What if, in the place of consent, we advised young people to check for nothing less than enthusiastic agreement frâ€¦ https://t.co/yesQZpXeMY",0.343,0.096,0.713,0.191
nytimes,2018-07-23 06:37:44+00:00,Feeling like youâ€™re being walked all over? Hereâ€™s how to stand up for yourself. https://t.co/85Hj0gVOwn,0.4588,0.0,0.765,0.235
nytimes,2018-07-23 06:21:30+00:00,Itâ€™s a 30-foot-wide panorama that depicts a modern-day Ku Klux Klan gathering. The museum prepped for its debut forâ€¦ https://t.co/8Wot4mRKwj,0.0,0.0,1.0,0.0
nytimes,2018-07-23 06:04:08+00:00,"For the second time this year, a Canadian director faces criticism for a production that sets out to tell the storiâ€¦ https://t.co/88Ba9uoeyo",-0.4404,0.132,0.868,0.0
nytimes,2018-07-23 05:47:45+00:00,Trump Is Wrong About Trade. So Is Everyone Else. https://t.co/aCh1OFYZaF,-0.4767,0.256,0.744,0.0
nytimes,2018-07-23 05:34:20+00:00,RT @nytimesphoto: This photographer visually chronicled his battle with cancer: https://t.co/NR1jxupR2h https://t.co/uVgOg3fDZy,-0.7906,0.412,0.588,0.0
nytimes,2018-07-23 05:17:02+00:00,Great Basin is one of the least-visited national parks in America. That means one thing for travelers: anonymity. https://t.co/SEDrPsTAq4,0.6249,0.0,0.814,0.186
nytimes,2018-07-23 04:59:47+00:00,"RT @Maya__Salam: Thereâ€™s a big difference between being enthusiastic at work and being a sucker. For women, that distinction is career defiâ€¦",-0.0516,0.138,0.732,0.13
nytimes,2018-07-23 04:43:46+00:00,"9 People Injured in Toronto Shooting and Suspect Is Dead, Police Say https://t.co/NBKx4lphx7",-0.8481,0.505,0.495,0.0
nytimes,2018-07-23 04:27:23+00:00,"For a fast and flavorful summer meal, try blistered green beans and tomatoes, with honey, harissa, and mintâ€¦ https://t.co/U18F5FpDM1",0.0,0.0,1.0,0.0
nytimes,2018-07-23 04:10:11+00:00,"Trump Threatens Iran on Twitter, Warning of Dire â€˜Consequencesâ€™ https://t.co/Bnfy5Wzaca",-0.7906,0.533,0.467,0.0
nytimes,2018-07-23 04:09:29+00:00,The â€œhigh-elven speechâ€ J.R.R. Tolkien uses in â€œThe Lord of The Ringsâ€ was the product of almost 40 years of languaâ€¦ https://t.co/mtRKWjEkZl,0.0,0.0,1.0,0.0
nytimes,2018-07-23 04:06:37+00:00,"Breaking News: President Trump threatened Iran on Twitter, warning in capital letters of severe â€œconsequences,â€ aftâ€¦ https://t.co/npmPjPxWTB",-0.7906,0.364,0.636,0.0
nytimes,2018-07-23 03:53:07+00:00,"""Wine in American culture has long been a synonym for snobbery. Iâ€™m sorry to say that wine culture has partly brougâ€¦ https://t.co/PgPggViCqv",-0.5106,0.185,0.815,0.0
nytimes,2018-07-23 03:33:41+00:00,"RT @NYTScience: The next time you hear a baby cry, take a good listen. It might tell you something about how its voice will sound decades lâ€¦",-0.0516,0.107,0.793,0.1
nytimes,2018-07-23 03:15:05+00:00,"With constantly changing menus and a seemingly effortless style, King draws in those who want to eat well, but chafâ€¦ https://t.co/F3aVrTdW7u",0.1779,0.0,0.87,0.13
nytimes,2018-07-23 02:56:28+00:00,"New Cuba Constitution, Recognizing Private Property, Approved by Lawmakers https://t.co/TBIzLGFkjt",0.4215,0.0,0.763,0.237
nytimes,2018-07-23 02:55:04+00:00,"New York City has a ban on solitary confinement for young inmates, but that hasn't stopped the city from transferriâ€¦ https://t.co/srhU8iN2mD",-0.0775,0.103,0.807,0.09
nytimes,2018-07-23 02:24:07+00:00,"An Iranian caricaturist got an ""Einstein visa"" despite the travel ban. Now she's drawing President Trump. https://t.co/wTZgowAuhQ",0.4449,0.0,0.845,0.155
nytimes,2018-07-23 02:06:04+00:00,News Analysis: How a Trump Decision Revealed a G.O.P. Memoâ€™s Shaky Foundation https://t.co/b6NOO4vt8Z,-0.2263,0.16,0.84,0.0
nytimes,2018-07-23 01:48:06+00:00,In case you were wondering what it's like to play the younger version of Meryl Streep in a movie... https://t.co/sOKV9Xonqq,0.5994,0.0,0.776,0.224
nytimes,2018-07-23 01:19:12+00:00,Israelis Protest Denial of Surrogacy Rights to Same-Sex Couples https://t.co/n6sb3BaZcr,-0.25,0.182,0.818,0.0
nytimes,2018-07-23 01:15:49+00:00,"For YouTubers and other online stars, speed dating isnâ€™t about finding love. Itâ€™s about finding brand partnerships. https://t.co/XFtEyhCEIm",0.6369,0.0,0.802,0.198
nytimes,2018-07-23 00:57:10+00:00,How to turn toxic emotions into positive action https://t.co/g6SniJCQ1Z,0.5574,0.0,0.69,0.31
nytimes,2018-07-23 00:37:54+00:00,On Golf: Tiger Woods Was Back in Contention. But It Wasnâ€™t the Same Tiger Woods. https://t.co/F0N8jG55xf,0.0,0.0,1.0,0.0
nytimes,2018-07-23 00:27:16+00:00,"It took 18 days and 10,000 people to pull off the rescue of 12 boys and their coach from the depths of a flooded caâ€¦ https://t.co/n9gPXuVMgi",0.5106,0.0,0.879,0.121
nytimes,2018-07-23 00:10:06+00:00,"""I write about taco stands and fancy French restaurants to try to get people less afraid of their neighbors and toâ€¦ https://t.co/TdwOlS7sRL",0.0,0.0,1.0,0.0
nytimes,2018-07-22 23:47:35+00:00,Fiat Chrysler Loses Its Driving Force as a Bumpy Road Lies Ahead https://t.co/C3VZI0hMl5,-0.6249,0.338,0.662,0.0
nytimes,2018-07-22 23:40:07+00:00,This bookstore is not where you go to find all the cookbooks. It is where you go to find the right cookbooks. https://t.co/ImKGHsx6uB,0.0,0.0,1.0,0.0
nytimes,2018-07-22 23:08:35+00:00,Present Danger for the Endangered Species Act https://t.co/USXZ3LioJW,-0.5267,0.327,0.673,0.0
nytimes,2018-07-22 23:06:08+00:00,Criticâ€™s Notebook: Review: â€˜Emojilandâ€™ and a Graceful Elegy at New York Musical Festival https://t.co/P3NMujbKb7,0.7351,0.0,0.64,0.36
nytimes,2018-07-22 22:52:06+00:00,"Chris Wallace, after his contentious interview with Vladimir Putin, did the next logical thing: He went on vacationâ€¦ https://t.co/34JQOV8S3w",-0.296,0.109,0.891,0.0
nytimes,2018-07-22 22:40:01+00:00,"RT @NYTStyles: Baltimore is home to a generation of young musicians who are writing the city's past, present and future into their work httâ€¦",0.0,0.0,1.0,0.0
nytimes,2018-07-22 22:39:56+00:00,Portugal Dared to Cast Aside Austerity. Itâ€™s Having a Major Revival. https://t.co/XSrC1VVWbQ,0.0,0.0,1.0,0.0
nytimes,2018-07-22 22:37:29+00:00,Can Alexandria Ocasio-Cortez Help Build a Progressive Audience In Red States? https://t.co/rOoSkTVAEH,0.4019,0.0,0.787,0.213
nytimes,2018-07-22 22:22:01+00:00,A video showed a waitress yanking back a man who groped her and slamming him to the ground. â€œMy whole thing is respâ€¦ https://t.co/O9xIQ8LKoP,0.0,0.0,1.0,0.0
nytimes,2018-07-22 22:13:37+00:00,Taking On 19th-Century Opera Stereotypes for the #MeToo Era https://t.co/hoCNzGbNKu,0.0,0.0,1.0,0.0
nytimes,2018-07-22 22:08:04+00:00,The Catholic Church is on the front lines of an escalating conflict in Nicaragua between the increasingly authoritaâ€¦ https://t.co/ZkvBU24Ft4,-0.3182,0.113,0.887,0.0
nytimes,2018-07-22 21:58:05+00:00,"Shonda Rhimes, on her Netflix plans and the 8 ambitious series planned for the streaming service https://t.co/wiU8XMPBdH",0.4767,0.0,0.829,0.171
nytimes,2018-07-22 21:48:06+00:00,"All Republicans, regardless of their stance on President Trump's meeting with Putin, are facing a charge that goesâ€¦ https://t.co/MCXQJ6moww",0.0,0.0,1.0,0.0
nytimes,2018-07-22 21:38:02+00:00,"With election-related suicide bombings rattling the country, Pakistanis worry about what will happen on Wednesday,â€¦ https://t.co/oruUAeejaK",-0.8126,0.346,0.654,0.0
nytimes,2018-07-22 21:28:02+00:00,There's a new battle for Guadalcanal. This time it's a strategic competition with China. https://t.co/eGM6WMOCaJ,-0.3818,0.178,0.822,0.0
nytimes,2018-07-22 21:18:06+00:00,A frequent refrain: Why are tampons taxed when Viagra is not? https://t.co/5NSYZdPoOy,0.0,0.0,1.0,0.0
nytimes,2018-07-22 21:08:03+00:00,RT @nytopinion: I try to assure myself that no parent would tell a child that migrant kids from Mexico deserve to be separated from their pâ€¦,0.0516,0.083,0.827,0.09
nytimes,2018-07-22 20:58:03+00:00,"RT @nytimesworld: The head of the local tourist board in the town where Melania Trump grew up wants to talk about the castle, the salami feâ€¦",0.0,0.0,1.0,0.0
nytimes,2018-07-22 20:48:02+00:00,New York City banned solitary confinement for inmates younger than 22. But the city has been transferring them to fâ€¦ https://t.co/ujcuSYb0Dr,-0.25,0.091,0.909,0.0
nytimes,2018-07-22 20:38:05+00:00,An Uber and Lyft driver recorded and live-streamed his passengers' conversations without their knowledge https://t.co/kV3lOGhaSR,0.0,0.0,1.0,0.0
nytimes,2018-07-22 20:28:05+00:00,"She was on a duck boat with 10 of her family members, including her 3 children. Of them, only she and her nephew suâ€¦ https://t.co/xMRFf5FSD1",0.0,0.0,1.0,0.0
nytimes,2018-07-22 20:18:04+00:00,They're running in majority-white districts. But they say one of their biggest challenges isn't overt racism or votâ€¦ https://t.co/5vXcssfmR6,0.7087,0.0,0.743,0.257
nytimes,2018-07-22 20:08:04+00:00,Need recipe inspiration? Here's what to cook this week. https://t.co/x3dQApAp2C,0.5267,0.0,0.726,0.274
nytimes,2018-07-22 19:58:03+00:00,"Television is getting its first transgender superhero, on the CW's ""Supergirl"" 
 https://t.co/w7SrAoatfR",0.0,0.0,1.0,0.0
nytimes,2018-07-22 19:48:05+00:00,"RT @NYTmag: How George Soros became the designated villain of the anti-globalization backlash, a made-to-order phantasm for reactionaries wâ€¦",-0.5574,0.175,0.825,0.0
nytimes,2018-07-22 19:38:01+00:00,"After the water crisis in Flint, a government watchdog is urging the EPA to monitor drinking water more closely https://t.co/gZNQG1Kvpu",-0.6249,0.186,0.814,0.0
nytimes,2018-07-22 19:28:05+00:00,She went back to a flip phone. The most frustrating part was texting. https://t.co/WvktKba9Ts,-0.4927,0.21,0.79,0.0
nytimes,2018-07-22 19:18:04+00:00,"The anti-abortion protesters have gathered outside a Queens clinic since 2012, urging women not to have an abortionâ€¦ https://t.co/34W6A6CmRu",-0.2263,0.101,0.899,0.0
nytimes,2018-07-22 19:08:02+00:00,A study found that volunteering for â€œnonpromotable tasksâ€ at the office can shift your career into reverse. And theâ€¦ https://t.co/EXsR0sX72a,0.0,0.0,1.0,0.0
nytimes,2018-07-22 18:58:03+00:00,"Nike says its $250 running shoes make you run faster. We analyzed 500,000 races, and it may actually be true. https://t.co/GL0ZDKAUsr",0.4215,0.0,0.877,0.123
nytimes,2018-07-22 18:48:04+00:00,"The robot waiters canâ€™t be trusted with the soup. They also break down. Three times in an hour, a waiter had to leaâ€¦ https://t.co/rfHeBzIlmZ",0.4767,0.0,0.876,0.124
nytimes,2018-07-22 18:38:03+00:00,Angela Bowen's dance school in New Haven influenced many. Her outspokenness as a black lesbian feminist influencedâ€¦ https://t.co/bBP4N1OSzV,0.0,0.0,1.0,0.0
nytimes,2018-07-22 18:33:06+00:00,"Tony Sparano, the Minnesota Vikingsâ€™ offensive line coach, died Sunday at the age of 56 https://t.co/uLJbWEkumi",-0.765,0.32,0.68,0.0
nytimes,2018-07-22 18:28:06+00:00,"RT @nytimesmusic: Drakeâ€™s ""Scorpion"" is the yearâ€™s biggest album. But can you find it in stores? https://t.co/GlhW7584T8 https://t.co/oRnUWâ€¦",0.0,0.0,1.0,0.0
nytimes,2018-07-22 18:18:08+00:00,"An Iranian caricaturist got an ""Einstein visa"" despite the travel ban. Now she's drawing President Trump. https://t.co/CaFIcsEzVa",0.4449,0.0,0.845,0.155
nytimes,2018-07-22 18:08:05+00:00,"Hamas and Israel stepped back from the brink of war, again. But none of the underlying issues fanning the tensionsâ€¦ https://t.co/qU5Fvvlnya",-0.3506,0.109,0.891,0.0
nytimes,2018-07-22 17:56:26+00:00,"Francesco Molinari won the British Open, becoming the first Italian man to win a major golf championship https://t.co/LhjyzJDFlm",0.886,0.0,0.574,0.426
nytimes,2018-07-22 17:48:02+00:00,"RT @nytpolitics: In the help it provided the Trump campaign, the tabloid publisher American Media Inc. may have crossed the line into politâ€¦",0.4019,0.0,0.891,0.109
nytimes,2018-07-22 17:38:04+00:00,"If you see Aperol spritzes at every table at brunch today, just know there's a reason, and that reason is an aggresâ€¦ https://t.co/L992mlNZF0",0.0,0.0,1.0,0.0
nytimes,2018-07-22 17:28:02+00:00,The Trump administration is proposing huge changes in the way Medicare pays doctors for the most common of all mediâ€¦ https://t.co/Bn2we4tYvo,0.3182,0.0,0.897,0.103
nytimes,2018-07-22 17:18:03+00:00,Missed out on the week's top stories? Confused about what happened last week? Here's your weekend briefing. https://t.co/s7ibcrBJhx,-0.4696,0.224,0.693,0.083
nytimes,2018-07-22 17:08:04+00:00,"Scott Walker, who won the governorship on the strength of the 2010 Obama backlash, bluntly acknowledged he and otheâ€¦ https://t.co/5t1buAxVte",0.7845,0.0,0.723,0.277
nytimes,2018-07-22 16:58:06+00:00,"RT @NYTStyles: Do people actually believe humans are descended from aliens, and that there is a massive conspiracy to hide the truth? Well.â€¦",-0.4215,0.193,0.72,0.087
nytimes,2018-07-22 16:48:01+00:00,"Facing criminal charges of rape, as well as persistent accusations of brutality, human rights abuses and the murderâ€¦ https://t.co/lsnOxYhoQm",-0.9584,0.588,0.351,0.061
